key,rep,fold,iter,change,payment_base,coding,selection_shift,selection,codes_added,extraction,profit_base,profit
cms_adv,0,0,1,0.10116575377894549,7745771.039204124,720891.1533911802,613263.6139916067,696758.5358167966,60.00187162343677,1417649.6892079767,0.0,1417649.689207977
cms_adv,0,0,2,0.05492423866771495,7004707.440461233,622789.1196333145,460795.4745932483,661205.6448724002,60.02734810927724,1283994.7645057149,-741063.5987428928,542931.1657628218
cms_adv,0,0,3,0.055621003481209894,6901770.483568872,577739.0320946341,432361.89988712396,646175.9735238439,60.03680212287249,1223915.0056184782,-844000.5556352535,379914.4499832245
cms_adv,0,0,4,0.05685803572926558,6942800.39968584,582138.5678315486,416441.40761256515,643284.621937461,60.00517759893672,1225423.1897690096,-802970.6395182861,422452.55025072343
cms_adv,0,0,5,0.04498055519884026,6901318.834837349,560736.9245152647,438744.7775131423,643782.6300719117,60.01852943779564,1204519.5545871765,-844452.2043667759,360067.3502204004
cms_adv,0,0,6,0.05132908688488016,7027456.10926619,665804.981002145,467696.6947549304,660498.4807721879,60.05129326821398,1326303.4617743327,-718314.9299379353,607988.5318363975
cms_adv,0,0,7,0.04489904175367809,6839788.115707326,627050.2926096802,436459.451241741,651738.7652531792,60.010065037667154,1278789.0578628595,-905982.9234967993,372806.1343660601
cms_adv,0,0,8,0.0517758230268941,6864730.210780566,681287.1499163781,465836.61047642835,658944.4702914677,60.02116753473466,1340231.6202078457,-881040.8284235593,459190.7917842863
cms_adv,0,0,9,0.04381465710663883,6940433.725059134,584101.866849342,444568.64941450156,660785.9287605251,60.01810347319745,1244887.795609867,-805337.3141449917,439550.48146487534
cms_adv,0,0,10,0.04509692410864193,6977779.845190275,604590.2100823963,444798.12768970366,647898.8384739693,60.02845579635192,1252489.0485563655,-767991.1940138495,484497.85454251594
cms_adv,0,0,11,0.046471671519991715,6893858.403734884,610738.7283063896,441361.3465614979,657332.3795620288,60.10901378900313,1268071.1078684183,-851912.6354692418,416158.4723991767
cms_adv,0,0,12,0.048343182008920446,7011459.536387096,673233.7205420614,458176.8080385378,652588.6617331621,60.00328682990705,1325822.3822752235,-734311.5028170291,591510.8794581942
cms_adv,0,0,13,0.04542043564579066,6922877.682789368,617598.5790942993,439069.38672628044,664598.0170150318,60.02164829781092,1282196.5961093311,-822893.3564147567,459303.2396945746
cms_adv,0,0,14,0.04752892894288157,7014595.0620883815,590138.9056939752,454748.0271188272,651881.0909095117,60.029461516836776,1242019.996603487,-731175.9771157438,510844.0194877429
cms_adv,0,0,15,0.05043012490180119,6995237.591097301,613453.283033046,450926.8723005403,670958.1200192864,60.05198769848294,1284411.4030523323,-750533.4481068252,533877.9549455071
cms_adv,0,0,16,0.0501488860907516,6959631.040600539,609869.3505062468,454448.49508912995,658821.1467156656,60.01479617133996,1268690.4972219123,-786139.9986035854,482550.498618327
cms_adv,0,0,17,0.050196562480721275,6904641.7790159965,604245.2928280914,421451.53518997785,658018.2277043264,60.01130188607232,1262263.5205324176,-841129.2601881282,421134.2603442895
cms_adv,0,0,18,0.04761638940240029,6944543.271740466,676959.3858101972,467696.5984789105,668466.6021212852,60.018341191968645,1345425.9879314823,-801227.7674636595,544198.220467823
cms_adv,0,0,19,0.04738544643715309,6957957.668855299,597486.7750074766,452927.0941132339,679044.4114120386,60.019962725497024,1276531.1864195152,-787813.3703488263,488717.8160706889
cms_adv,0,0,20,0.04769245279442603,6994102.698320861,604222.2073786805,442197.19285672234,653913.4497581137,60.00101466136606,1258135.6571367942,-751668.3408832652,506467.31625352893
cms_adv,0,1,1,0.09169178254515825,7809673.713056898,709825.9822465694,644501.1026590803,702548.9070480941,60.02419110384752,1412374.8892946634,6.085265374783802e-10,1412374.8892946641
cms_adv,0,1,2,0.04076606238346051,7113761.075513922,573577.9891150483,512996.57129645784,626336.1307512159,60.004201300199284,1199914.119866264,-695912.6375429769,504001.4823232873
cms_adv,0,1,3,0.04531792081868607,7080451.216870187,688989.986120414,513835.7150356407,658181.2621809135,60.01077597957355,1347171.2483013277,-729222.496186711,617948.7521146165
cms_adv,0,1,4,0.05124290086124246,7138129.22893837,557843.6658909702,520326.2574684605,624637.3687824525,60.00954404170339,1182481.0346734228,-671544.4841185278,510936.5505548949
cms_adv,0,1,5,0.055368205154085595,7018402.281326029,717634.4045299506,500232.0668477067,647795.4409824174,60.00226518606638,1365429.845512368,-791271.4317308682,574158.4137814998
cms_adv,0,1,6,0.05098448722922874,7066434.251096218,540746.0886792517,510361.8148152277,630020.6517040298,60.03249123694432,1170766.7403832816,-743239.4619606789,427527.27842260257
cms_adv,0,1,7,0.048630245849209136,7135494.757403718,733163.0992997106,537358.7739974089,641238.8975481928,60.07713509675366,1374401.9968479034,-674178.9556531789,700223.0411947244
cms_adv,0,1,8,0.0427683076579459,7093855.724316272,544814.642121922,519562.97107070236,624083.205321418,60.01124073735501,1168897.8474433399,-715817.9887406263,453079.8587027138
cms_adv,0,1,9,0.043803398414888076,7114133.957311741,731051.6162334393,547427.0439712292,671202.9524386297,60.06193864111294,1402254.5686720689,-695539.7557451575,706714.8129269115
cms_adv,0,1,10,0.04495013535830104,7099369.964144666,556599.6379466916,514727.5138820235,611072.8533650896,60.01216038210188,1167672.4913117813,-710303.7489122329,457368.7423995482
cms_adv,0,1,11,0.04538604002112212,7048346.393646696,711292.4214722441,525061.6045906771,660096.9692259287,60.00910849840391,1371389.3906981729,-761327.3194102026,610062.0712879702
cms_adv,0,1,12,0.0435786198400598,7125975.078754277,566785.7007501228,515970.28648296604,620852.7314578326,60.044422178636886,1187638.4322079555,-683698.6343026218,503939.79790533363
cms_adv,0,1,13,0.04469884340693456,7022164.793745817,684540.5222753654,500642.30195173295,652477.9189829753,60.004148640048754,1337018.4412583406,-787508.9193110813,549509.5219472593
cms_adv,0,1,14,0.047296290117305316,7077018.499801493,576513.2093381725,503904.05630807637,636120.6853805793,60.036660096209815,1212633.8947187518,-732655.2132554044,479978.68146334705
cms_adv,0,1,15,0.043442744491368084,7016307.9449937595,733977.9358067329,518524.05887458794,658382.3444924725,60.01809385472738,1392360.2802992053,-793365.7680631388,598994.5122360665
cms_adv,0,1,16,0.04579377620718088,7108925.403801211,552557.6412198519,508359.3109066411,627450.3033951716,60.01318114035272,1180007.9446150234,-700748.3092556865,479259.63535933703
cms_adv,0,1,17,0.04678933985900936,7076156.979852981,689063.3702538561,528740.671405229,635602.0683069545,60.02803676452838,1324665.4385608106,-733516.7332039175,591148.7053568931
cms_adv,0,1,18,0.05103860033322759,7064644.974102467,549011.8804900056,529130.0123141936,619589.9107902038,60.00927358374216,1168601.7912802096,-745028.7389544308,423573.0523257785
cms_adv,0,1,19,0.0450369783280101,7059223.7502695555,721519.0891818823,503132.99600478855,653033.0917792843,60.004718570187414,1374552.1809611665,-750449.9627873424,624102.2181738246
cms_adv,0,1,20,0.04052046815526837,7091864.279647948,540071.1160238717,507618.5156837585,630070.5587189634,60.036408089485974,1170141.674742835,-717809.4334089506,452332.2413338845
cms_adv,0,2,1,0.0955021954233785,7728690.128571229,863942.101906168,663539.6850588516,683190.5004861596,60.00963135546731,1547132.6023923275,-1.4120600405520752e-09,1547132.602392326
cms_adv,0,2,2,0.05866954072496566,7021608.592170649,532954.940538375,450091.8350928817,579488.3005240387,60.00803369602632,1112443.241062414,-707081.5364005817,405361.7046618322
cms_adv,0,2,3,0.052548392789434316,7101063.6042999495,782811.4273600415,487359.9061434826,634552.1454415446,60.01650419889682,1417363.5728015862,-627626.5242712818,789737.0485303041
cms_adv,0,2,4,0.04565374309236534,6979294.775721871,574550.9595165767,427608.60160051077,597516.2837568405,60.08486612821984,1172067.243273417,-749395.3528493608,422671.8904240564
cms_adv,0,2,5,0.050077897364146653,6986822.112100405,813121.6697568855,457551.372694262,631074.2060402967,60.0329953324249,1444195.875797182,-741868.0164708265,702327.8593263559
cms_adv,0,2,6,0.05399041184979698,6980156.302469202,551584.7444227743,415749.6024384615,601920.6880340913,60.15253000928996,1153505.4324568654,-748533.8261020298,404971.60635483585
cms_adv,0,2,7,0.0553175395829725,6995552.615041441,758102.2983998965,484165.2286034146,635542.9596137379,60.027828459373275,1393645.2580136345,-733137.5135297904,660507.744483844
cms_adv,0,2,8,0.056944759515932676,6970219.737401822,585956.1711810771,412374.44691915385,599863.0990352816,60.040186754163784,1185819.2702163588,-758470.3911694101,427348.87904694845
cms_adv,0,2,9,0.0582197786091903,6966116.488703004,777006.6048665476,500341.19799239014,636671.6955017677,60.00963093487898,1413678.3003683153,-762573.6398682261,651104.6605000892
cms_adv,0,2,10,0.059803369547488244,7007470.595982686,566334.5398029023,399163.58226631576,591586.2926327664,60.043570866467846,1157920.8324356687,-721219.5325885449,436701.2998471238
cms_adv,0,2,11,0.05738680884260631,6944406.195772422,762716.1523488237,500105.2271516514,634687.9897402214,60.00867514279924,1397404.142089045,-784283.9327988095,613120.2092902358
cms_adv,0,2,12,0.05366336374262152,7056584.9027822865,568457.8535467271,422498.2653629061,591800.5267676023,60.007331690152974,1160258.3803143294,-672105.2257889448,488153.1545253844
cms_adv,0,2,13,0.05435567666214995,6986709.720986766,771075.1977888137,494658.1166851662,633612.223218557,60.019375432286964,1404687.4210073708,-741980.4075844658,662707.0134229047
cms_adv,0,2,14,0.06442999068158968,7049185.241109671,559509.5965156053,429700.24381240195,592528.2436256615,60.029017285759586,1152037.8401412668,-679504.8874615609,472532.95267970586
cms_adv,0,2,15,0.06387477677243363,6897906.07695752,784141.8024388622,464681.5557336642,619783.8951043783,60.010675414058724,1403925.6975432404,-830784.0516137094,573141.6459295308
cms_adv,0,2,16,0.057541919669315884,6960353.239459044,567985.707566324,411914.87649296015,591616.7655231251,60.00356140111403,1159602.473089449,-768336.8891121867,391265.5839772625
cms_adv,0,2,17,0.05579346892002964,6973814.645721385,778426.9748874254,485665.00692950486,625883.674107,60.018590084135795,1404310.6489944253,-754875.482849846,649435.1661445794
cms_adv,0,2,18,0.05772697152909713,6961211.797509228,575145.2356584017,409980.67458723957,599640.8436801066,60.02775043793068,1174786.0793385084,-767478.3310620039,407307.7482765044
cms_adv,0,2,19,0.05269103992689923,7014226.828872819,778570.2205209465,492754.2411062502,634042.2978708171,60.00699230357167,1412612.5183917636,-714463.299698412,698149.2186933518
cms_adv,0,2,20,0.054125025126750756,7043076.553147703,569715.696447186,413654.3558866096,576006.736966759,60.00886382593123,1145722.433413945,-685613.5754235275,460108.8579904175
cms_adv,0,3,1,0.09509600259577758,7854807.128494521,733005.8508362728,642402.299227423,660427.2799363319,60.008318177580705,1393433.1307726048,3.205050071217834e-10,1393433.130772605
cms_adv,0,3,2,0.06094733535861758,7135737.5456590075,633796.8904407243,468992.6224161439,646539.7878444504,60.01706741030544,1280336.6782851748,-719069.5828355117,561267.0954496632
cms_adv,0,3,3,0.04849846890697297,7134507.635983119,672044.7433977157,476547.19173581747,654640.4125809167,60.01091914786418,1326685.1559786324,-720299.492511401,606385.6634672312
cms_adv,0,3,4,0.06216715741092767,7178774.512010743,619040.7262461737,485577.32445328194,611974.2346772641,60.022619681555305,1231014.9609234377,-676032.6164837778,554982.34443966
cms_adv,0,3,5,0.06355694204271552,7072987.1086974675,731554.8166942835,499314.2419772454,661678.4198316073,60.038845078847146,1393233.2365258909,-781820.0197970518,611413.2167288387
cms_adv,0,3,6,0.055537696231563786,7138283.0160743045,614436.9124076084,487209.70546173747,635044.6841795618,60.0089417070037,1249481.5965871701,-716524.1124202153,532957.4841669549
cms_adv,0,3,7,0.05580725156307708,7177821.371401047,634824.6945418126,486048.1441218946,629139.8750712516,60.03442485676385,1263964.5696130642,-676985.757093473,586978.8125195913
cms_adv,0,3,8,0.0593187980185522,7112423.205050043,708721.2030946588,498305.25907681184,641878.5038483379,60.024664838543515,1350599.7069429967,-742383.9234444769,608215.7834985196
cms_adv,0,3,9,0.06709777945629021,7106117.8982492555,618307.060655652,461545.6945164928,635179.6911094936,60.03617894851588,1253486.7517651457,-748689.2302452632,504797.5215198822
cms_adv,0,3,10,0.05943126582775681,7123841.777115244,643747.3661100069,469631.7847315285,629517.0657518427,60.00023527873777,1273264.4318618495,-730965.3513792749,542299.0804825748
cms_adv,0,3,11,0.05551015328258995,7051196.5193808945,613310.6356528073,476353.37412804,622190.3525068589,60.02329495007987,1235500.9881596663,-803610.6091136248,431890.3790460416
cms_adv,0,3,12,0.043839267919529364,7090225.003195278,658792.6165112319,473127.513607234,632337.5066362954,60.01402064611058,1291130.1231475272,-764582.1252992406,526547.9978482866
cms_adv,0,3,13,0.0468422512723737,7211135.134501226,652852.6971685609,518044.93391313776,639619.0265436692,60.00836564542843,1292471.72371223,-643671.9939932945,648799.7297189356
cms_adv,0,3,14,0.050708993523918666,7130650.291580393,677289.6474170145,476886.4693837508,634565.1482974975,60.00591064208654,1311854.795714512,-724156.836914127,587697.9588003849
cms_adv,0,3,15,0.044279233197743205,7157184.762664449,657726.5539359028,509068.14375744417,641551.2321502747,60.050117493403235,1299277.7860861775,-697622.3658300691,601655.4202561085
cms_adv,0,3,16,0.04553839007275833,7093306.88559593,668741.2025389388,471304.316406084,641071.7365991732,60.065463306282886,1309812.9391381121,-761500.2428985905,548312.6962395217
cms_adv,0,3,17,0.06022363719888381,7180628.481928718,637596.1956109749,492394.328711838,624730.7779703228,60.029644480360865,1262326.9735812976,-674178.6465658012,588148.3270154963
cms_adv,0,3,18,0.06013937239628654,7069131.697104294,707529.1230055388,494804.0955794297,665586.702062616,60.008113619653464,1373115.8250681548,-785675.4313902257,587440.393677929
cms_adv,0,3,19,0.052574111558233265,7125339.358641497,652819.9029285741,469054.490716709,651641.9927101261,60.00870730358204,1304461.8956387003,-729467.7698530223,574994.1257856779
cms_adv,0,3,20,0.0517115846068294,7206249.095094394,641451.4951749748,489730.4584478841,637617.1880718892,60.04459098198216,1279068.683246864,-648558.0334001257,630510.6498467382
cms_adv,0,4,1,0.09585510812891668,7820478.124457407,714289.9810757366,620145.329217963,681104.8911849504,60.00022910921193,1395394.872260687,4.5136042819272015e-10,1395394.8722606876
cms_adv,0,4,2,0.04746145947517241,7099624.416213557,641094.6475639989,470484.7888170373,624576.3499539729,60.024031428153684,1265670.9975179718,-720853.7082438492,544817.2892741228
cms_adv,0,4,3,0.050456079762403905,7037199.348517176,627226.8247893053,468190.8587420519,629911.9282787043,60.00567608293094,1257138.7530680099,-783278.7759402299,473859.9771277797
cms_adv,0,4,4,0.05196820295081597,7067059.729115879,603628.5978712597,456599.11911970994,604243.259610948,60.03683258015786,1207871.8574822077,-753418.3953415279,454453.4621406799
cms_adv,0,4,5,0.05183738591095275,7065978.968826492,616364.5327120016,474379.9919426305,639421.3428450645,60.00952307014064,1255785.8755570662,-754499.1556309141,501286.71992615174
cms_adv,0,4,6,0.05887885923827595,7087272.792334169,598172.3712421524,447579.00751053647,607507.9154178844,60.01701075320305,1205680.2866600368,-733205.3321232364,472474.9545368002
cms_adv,0,4,7,0.05792751377832682,6998932.807872387,626926.2773455684,479303.43374097627,619092.0251167165,60.004554780583106,1246018.302462285,-821545.3165850188,424472.9858772661
cms_adv,0,4,8,0.05406683919882573,7113233.059266965,669084.5080173961,471891.3990172541,631498.5036981376,60.03629389876154,1300583.0117155337,-707245.0651904414,593337.9465250924
cms_adv,0,4,9,0.05691745730698388,7035540.719663985,623499.0824850233,469008.2297771313,629904.0959766066,60.02318418512076,1253403.17846163,-784937.4047934221,468465.773668208
cms_adv,0,4,10,0.05263547601654789,7095691.116583942,613783.0819004396,475201.3545607243,610698.0771571117,60.01184994816499,1224481.1590575513,-724787.0078734639,499694.1511840872
cms_adv,0,4,11,0.052313010509286065,7061207.330306722,632068.1918589899,479544.21509356383,636969.8784294644,60.00104615834102,1269038.0702884542,-759270.794150684,509767.27613777027
cms_adv,0,4,12,0.05387575868883669,7130229.145383453,612600.2777742558,466625.4748400661,621198.2563958633,60.01154368144538,1233798.534170119,-690248.9790739537,543549.5550961653
cms_adv,0,4,13,0.057158889665488384,7164206.565782604,632553.2894589718,493844.5139223084,620230.8047228964,60.00672012097529,1252784.0941818682,-656271.5586748023,596512.5355070658
cms_adv,0,4,14,0.05798526470456743,7127990.74863536,632064.7051341682,463910.77974229684,617380.3691918727,60.0262513864892,1249445.0743260407,-692487.3758220464,556957.6985039944
cms_adv,0,4,15,0.05696235949742002,7036050.910639729,613973.33021007,476613.46780533285,611454.1886836194,60.032424333926905,1225427.5188936894,-784427.2138176778,441000.3050760116
cms_adv,0,4,16,0.05667134421977839,7070764.656409423,595655.0933598818,454231.17777462705,606103.5854282934,60.01776855393513,1201758.678788175,-749713.4680479843,452045.21074019116
cms_adv,0,4,17,0.05411649121014405,7074994.798670569,624954.4839440895,492711.42715106334,648564.639480395,60.00357557476419,1273519.1234244844,-745483.3257868373,528035.7976376471
cms_adv,0,4,18,0.059233226424356675,7167103.456501295,608544.8360766078,470572.92221027194,611046.5531562278,60.015699649882386,1219591.3892328355,-653374.6679561111,566216.7212767245
cms_adv,0,4,19,0.06073150071202381,7087244.637097325,654987.5661006572,494078.0003340186,636524.4815502444,60.06332140507601,1291512.0476509016,-733233.487360081,558278.5602908208
cms_adv,0,4,20,0.05267575487748248,7098149.35573136,610370.1942046961,455668.96303809737,610247.557870034,60.025396744194225,1220617.7520747303,-722328.7687260462,498288.98334868386
cms_adv,1,0,1,0.09035376880824174,7712626.226802735,744933.371955589,650076.436496626,708198.310241438,60.05607867503387,1453131.6821970271,3.2105479158758777e-10,1453131.6821970271
cms_adv,1,0,2,0.05226193629021219,7036274.215667818,601622.3054562028,447649.2814640151,619797.2199051467,60.00950088508768,1221419.5253613496,-676352.0111349166,545067.514226433
cms_adv,1,0,3,0.05503540747373823,6946335.8785398165,653150.3828761838,467805.0370835275,635847.3251706959,60.02306868445444,1288997.7080468796,-766290.3482629175,522707.3597839622
cms_adv,1,0,4,0.05395279835767304,6980076.638238651,625915.6945725766,439077.5975052426,629559.5829374506,60.005736259501305,1255475.2775100272,-732549.5885640827,522925.68894594454
cms_adv,1,0,5,0.05346614176266514,6904215.114215542,644044.4832739998,465953.41250016284,631565.4792855183,60.026769014198756,1275609.962559518,-808411.1125871916,467198.8499723263
cms_adv,1,0,6,0.05384449412465968,6961360.37884978,615415.2863051342,431357.3013577742,619468.8187965449,60.01516001784471,1234884.105101679,-751265.847952953,483618.25714872614
cms_adv,1,0,7,0.05540789166409957,6864977.010583722,624666.976280702,445533.0128395993,611174.5182815336,60.012998875432636,1235841.4945622357,-847649.2162190106,388192.2783432251
cms_adv,1,0,8,0.05557545868091139,6964545.575433275,617113.0252103832,433470.835261078,620763.8714231208,60.02016868744016,1237876.8966335042,-748080.6513694596,489796.2452640446
cms_adv,1,0,9,0.06086374523193151,6831852.128936313,628670.9449946813,460583.89474872913,611362.0420600151,60.00983041783845,1240032.9870546963,-880774.0978664198,359258.88918827643
cms_adv,1,0,10,0.06191960280427105,6921129.031355837,618524.8516850802,429072.10491905216,631808.1194111292,60.00629050825071,1250332.9710962093,-791497.1954468973,458835.7756493121
cms_adv,1,0,11,0.05399027888072332,6973263.076103935,625567.5985253892,469382.498562959,626595.7922576978,60.01663001326784,1252163.390783087,-739363.1506987975,512800.2400842892
cms_adv,1,0,12,0.05268565599554948,6982334.257447297,642899.657963332,428087.0069565375,626265.7833808128,60.00229166767465,1269165.4413441448,-730291.9693554371,538873.471988708
cms_adv,1,0,13,0.05377543786235962,6937465.804836953,641793.5675868142,473086.21348638687,631545.1211597958,60.01188057523781,1273338.6887466097,-775160.4219657806,498178.2667808293
cms_adv,1,0,14,0.052843822500366865,6963284.626100902,639430.6933235128,434394.2399328717,634051.635738102,60.01345766742353,1273482.3290616148,-749341.6007018308,524140.72835978394
cms_adv,1,0,15,0.05325034085616042,6923771.8993131695,628388.9432166386,460471.7188570185,638127.6746270758,60.05767256001421,1266516.6178437143,-788854.327489564,477662.2903541505
cms_adv,1,0,16,0.048767155366945696,7051547.381038998,627392.5973901522,453628.3900848213,642097.2772315161,60.00264758060033,1269489.8746216681,-661078.8457637344,608411.0288579338
cms_adv,1,0,17,0.05465618354871298,6964935.24316279,647077.717059113,471130.0432745925,629542.9539892423,60.00987819308804,1276620.6710483553,-747690.9836399439,528929.6874084114
cms_adv,1,0,18,0.05665982738071023,6953426.425714515,635347.8950963375,445555.74804677936,633955.7600251114,60.03384615436615,1269303.655121449,-759199.8010882179,510103.854033231
cms_adv,1,0,19,0.05576028137799209,6937921.834460342,625064.5672632857,464368.03772496816,631192.5212337589,60.00394211456688,1256257.0884970445,-774704.3923423915,481552.696154653
cms_adv,1,0,20,0.05448291546727894,6908479.337430433,618161.8729291526,424215.26652274845,625014.164999641,60.00551494232254,1243176.0379287936,-804146.8893723,439029.14855649346
cms_adv,1,1,1,0.09980625272855634,7697848.848481793,717072.1602357471,613812.4012605883,730297.5359172873,60.02795789227142,1447369.6961530342,1.1957894017376307e-09,1447369.6961530354
cms_adv,1,1,2,0.06504007963285163,6970082.031279044,599217.9586916702,479321.76224555465,647872.9722481597,60.011684587520726,1247090.93093983,-727766.8172027485,519324.1137370814
cms_adv,1,1,3,0.06325288057121015,6931218.979401038,707934.5835043015,451604.3033368772,671369.4470466968,60.00098442484245,1379304.0305509984,-766629.8690807536,612674.1614702445
cms_adv,1,1,4,0.06405211810837634,6927584.578613575,587426.3177999308,468085.7042050091,644887.2066374139,60.018237103608655,1232313.5244373449,-770264.2698682176,462049.2545691273
cms_adv,1,1,5,0.06163946232496251,6933618.254411207,702218.1488966513,463058.8813328486,670669.369885921,60.009405815032785,1372887.5187825726,-764230.5940705846,608656.9247119877
cms_adv,1,1,6,0.06255435761049505,6883459.151530027,587363.108586463,450365.90281679895,643978.4183558765,60.03555033238702,1231341.5269423397,-814389.6969517635,416951.8299905761
cms_adv,1,1,7,0.06327823064071023,6942469.191480784,715750.2020077067,476274.3090320864,664340.0354920898,60.03722360520583,1380090.2374997966,-755379.6570010087,624710.5804987877
cms_adv,1,1,8,0.06561391681769224,6855941.279646975,588827.8486635447,446306.24565066193,650448.4374794497,60.01524558067058,1239276.2861429944,-841907.5688348168,397368.7173081777
cms_adv,1,1,9,0.06628713060102683,6945906.618930188,705050.7503135793,463296.7092476117,671682.6963168661,60.01621913477566,1376733.4466304453,-751942.2295516023,624791.2170788434
cms_adv,1,1,10,0.06200539149625057,6915578.033812235,594954.1239909088,464488.09926188487,650207.7884974963,60.000277453756226,1245161.9124884051,-782270.814669557,462891.09781884804
cms_adv,1,1,11,0.06290993372569943,6924466.673234953,697445.1313571569,453888.8653567801,669907.0140865683,60.02267350863249,1367352.1454437252,-773382.1752468384,593969.9701968868
cms_adv,1,1,12,0.0650637769909004,6889329.836288472,587711.4596124178,453280.75359245203,655786.8542333982,60.014263037494466,1243498.313845816,-808519.0121933202,434979.3016524958
cms_adv,1,1,13,0.06350154587515149,6947746.21913755,708842.3452629047,456238.41832856735,677098.9896658658,60.0598667643879,1385941.3349287703,-750102.629344241,635838.7055845296
cms_adv,1,1,14,0.0616039634966228,6899230.784166949,592989.5287353554,462656.57144810795,657643.9530294267,60.0191006986351,1250633.481764782,-798618.0643148422,452015.4174499399
cms_adv,1,1,15,0.06143623694653493,6944092.669261814,706131.8047068188,460901.20662312803,666427.5037455558,60.07087415110602,1372559.3084523745,-753756.1792199762,618803.1292323985
cms_adv,1,1,16,0.06740907867959826,6881468.722362241,604644.3793887201,486196.7344870538,641446.0826318401,60.06172755402605,1246090.4620205602,-816380.1261195511,429710.3359010089
cms_adv,1,1,17,0.06934316132279844,7019525.975056761,706592.8581985709,465685.8129409253,668791.3284185465,60.04824810923806,1375384.1866171174,-678322.8734250301,697061.3131920873
cms_adv,1,1,18,0.06740819658327016,6849220.533856847,616763.8615937172,464499.7150706911,645463.0061419454,60.00055746739738,1262226.8677356627,-848628.3146249453,413598.5531107171
cms_adv,1,1,19,0.059782674332053636,6975360.461527679,695492.4584926908,466395.51253614924,667774.5345959339,60.02515772185973,1363266.9930886244,-722488.3869541122,640778.6061345126
cms_adv,1,1,20,0.060632282679525994,6907443.083225909,576115.5650793948,440919.7311398123,633984.8349687209,60.00367343928829,1210100.4000481158,-790405.7652558828,419694.6347922331
cms_adv,1,2,1,0.09293457516711838,7839873.43121456,796415.1670745589,674949.1893756232,711079.3678020221,60.01132864288128,1507494.534876581,8.094806437014397e-10,1507494.534876582
cms_adv,1,2,2,0.045876989994587926,7131990.560661982,719817.4931166384,505106.4601946499,635194.596954061,60.0505667297395,1355012.090070699,-707882.870552577,647129.2195181223
cms_adv,1,2,3,0.04758005850164187,7143670.654975251,677356.6888194656,524801.1692788717,640949.6798613782,60.0031055377298,1318306.3686808436,-696202.7762393074,622103.5924415364
cms_adv,1,2,4,0.04540383883783797,7076419.224115319,693693.4263534556,494343.7166936737,634590.2061183164,60.010062698858086,1328283.632471772,-763454.2070992406,564829.4253725314
cms_adv,1,2,5,0.04418973746577531,7177201.418325704,705189.6858187432,545284.5903911887,644583.1599862091,60.03729015809269,1349772.8458049523,-662672.0128888555,687100.8329160969
cms_adv,1,2,6,0.053878962600268296,7106969.868409537,707692.2256649951,477283.29544544854,620269.8043461504,60.030263544177096,1327962.0300111454,-732903.5628050218,595058.467206124
cms_adv,1,2,7,0.049066920496195154,7072678.508956135,711290.6790369168,525432.2498547145,642999.2029917388,60.00241808210071,1354289.8820286556,-767194.9222584238,587094.959770232
cms_adv,1,2,8,0.051999997344089645,7048744.060497492,689435.965881368,477339.39188356773,646485.3233007585,60.0021670223823,1335921.2891821265,-791129.3707170668,544791.9184650596
cms_adv,1,2,9,0.04175406177315906,7225025.021701142,693925.3137315643,528246.5708871988,642903.1625502735,60.0362528824937,1336828.4762818378,-614848.4095134166,721980.0667684212
cms_adv,1,2,10,0.04547531374467811,7099127.973848417,671825.5097876581,503943.9748563817,634900.4914580346,60.03973705434424,1306726.0012456926,-740745.4573661415,565980.5438795512
cms_adv,1,2,11,0.05004923907344021,7219550.592074501,688519.2870415334,534427.0301850075,639892.9050939446,60.011308536594115,1328412.192135478,-620322.8391400573,708089.3529954207
cms_adv,1,2,12,0.05361444133806256,7073484.202511349,726543.1483578844,502651.3993551168,635489.1982539411,60.024866444118736,1362032.3466118255,-766389.2287032105,595643.1179086152
cms_adv,1,2,13,0.04873668319417917,7135407.928355759,685600.7065246498,520933.0358194019,635949.6924974587,60.02736967577846,1321550.3990221084,-704465.5028587996,617084.8961633089
cms_adv,1,2,14,0.04075422474562764,7121557.954891525,687632.0144136078,485407.3982652026,641900.7841770222,60.009510275791065,1329532.7985906298,-718315.4763230332,611217.3222675968
cms_adv,1,2,15,0.04231794288151681,7163609.299528511,708810.7259536865,533784.1191485705,645570.5313377402,60.00584058753991,1354381.2572914269,-676264.1316860468,678117.1256053798
cms_adv,1,2,16,0.050868125503873235,7103119.2209193725,684737.1614283087,482845.1711556907,624006.7508048669,60.01572836140447,1308743.9122331757,-736754.210295187,571989.7019379885
cms_adv,1,2,17,0.04642743980198445,7098984.629033021,713806.9609682994,530069.3811003922,634773.7121839989,60.06629037306364,1348580.6731522982,-740888.8021815374,607691.8709707607
cms_adv,1,2,18,0.04243902573759888,7138467.542034773,679530.6591955499,499594.58092367445,623075.9746130534,60.023879065766245,1302606.6338086035,-701405.8891797856,601200.7446288178
cms_adv,1,2,19,0.05043013397193613,7157448.944773963,686287.2592632121,528856.6833074646,636332.2375233396,60.01005557985872,1322619.4967865516,-682424.4864405959,640195.0103459556
cms_adv,1,2,20,0.05160887099681949,7056106.516766269,694456.2886007413,460902.17324671615,619390.2879495675,60.019638665128255,1313846.5765503088,-783766.9144482904,530079.6621020185
cms_adv,1,3,1,0.08971833924586171,7782905.877264015,686132.9418969457,648399.8661972373,661651.7018840355,60.00187190793934,1347784.6437809812,7.34586766333672e-11,1347784.6437809812
cms_adv,1,3,2,0.06321706450324119,7118428.537123132,611100.6864869548,523421.443015124,630448.6219009276,60.0046099896737,1241549.3083878823,-664477.3401408831,577071.9682469992
cms_adv,1,3,3,0.05784921802072697,7000888.41656978,653397.293233997,505732.88488544803,633726.8299464122,60.032274242868965,1287124.1231804092,-782017.460694235,505106.662486174
cms_adv,1,3,4,0.052391278177056244,7024167.810277723,549266.9622777897,457668.6644204132,611780.1557925799,60.01887072521275,1161047.1180703696,-758738.0669862925,402309.05108407733
cms_adv,1,3,5,0.0483600709981334,7042915.645665234,637563.6226810616,504490.9683427127,603413.9812315941,60.04577661015792,1240977.6039126557,-739990.2315987819,500987.372313874
cms_adv,1,3,6,0.05243397923596692,7099257.832575171,608957.9088035373,497964.81237455877,627287.5479710373,60.001925397205554,1236245.4567745745,-683648.0446888433,552597.4120857313
cms_adv,1,3,7,0.058298297537454864,7041626.605561344,657878.1146729204,514976.2222402673,649050.6607815163,60.062015454405184,1306928.775454437,-741279.2717026724,565649.5037517644
cms_adv,1,3,8,0.05461132320464397,7147533.327583157,575803.5554868294,501813.6988838638,630375.9313329543,60.032821155602434,1206179.486819784,-635372.5496808578,570806.9371389258
cms_adv,1,3,9,0.05880678417384572,7092620.45975576,664705.5190075152,531469.1425883212,645667.1440550275,60.05356851838837,1310372.6630625427,-690285.4175082556,620087.2455542872
cms_adv,1,3,10,0.06421548102166412,7069691.017516834,596069.4904636388,477980.2285735874,628483.9200074946,60.018268334499815,1224553.4104711332,-713214.8597471801,511338.55072395335
cms_adv,1,3,11,0.059810765969229296,6945027.7957574,627630.4727343201,497974.4663009825,612975.993196313,60.02228380181034,1240606.4659306332,-837878.0815066162,402728.38442401716
cms_adv,1,3,12,0.054866198852996026,7057947.733666183,634140.5612612603,490752.0059657818,633195.9210075197,60.01244362251657,1267336.48226878,-724958.1435978307,542378.3386709492
cms_adv,1,3,13,0.05668059791166603,7003373.505157596,656759.7900836953,511232.11086345895,640974.3409038152,60.004998474094094,1297734.1309875106,-779532.3721064184,518201.7588810923
cms_adv,1,3,14,0.058378371910304115,7091581.364905895,565514.7135960582,476640.0929131407,622155.1956291198,60.045561384001736,1187669.909225178,-691324.5123581196,496345.39686705824
cms_adv,1,3,15,0.061631431745455975,7007567.248074119,641047.6907860492,509343.37067459954,624784.6421469048,60.006509027466755,1265832.332932954,-775338.629189897,490493.70374305715
cms_adv,1,3,16,0.05937968380080963,7111582.499985971,622243.0625848555,493641.31669535436,626373.689968689,60.0261547732871,1248616.7525535445,-671323.3772780447,577293.3752754998
cms_adv,1,3,17,0.0570870307459487,7000244.798221149,629967.2362279147,499912.16018421005,623559.9008302175,60.024156048301485,1253527.137058132,-782661.0790428661,470866.05801526585
cms_adv,1,3,18,0.058335380700270986,7011314.79240455,558557.8698947654,467273.21358289354,616481.8399967866,60.02769354823062,1175039.709891552,-771591.0848594655,403448.6250320866
cms_adv,1,3,19,0.05975578286815019,7054680.641620262,643293.256881702,496638.13471007417,619560.6758514283,60.00067507032419,1262853.9327331304,-728225.2356437532,534628.6970893771
cms_adv,1,3,20,0.06081275119711312,7017750.184789335,573900.921132295,458288.4451602638,618858.6654714178,60.004039190133376,1192759.5866037128,-765155.6924746801,427603.8941290328
cms_adv,1,4,1,0.10287875703570995,7929871.503534513,825820.0767086387,638622.2913736657,743254.8085352913,60.00152216711695,1569074.88524393,5.946176098070446e-11,1569074.88524393
cms_adv,1,4,2,0.04734318220750937,7132298.371417765,546858.9663486839,462713.60813915695,649591.6359329448,60.00625895233087,1196450.6022816289,-797573.1321167474,398877.4701648815
cms_adv,1,4,3,0.04675096325617718,7215307.008163717,757711.7762971043,525040.3993870134,686605.9393433566,60.017108134344966,1444317.715640461,-714564.495370795,729753.2202696662
cms_adv,1,4,4,0.050739403667384664,7146579.074548251,501076.6543703001,441305.0691915396,643631.0605043304,60.01526587996216,1144707.7148746308,-783292.4289862615,361415.2858883692
cms_adv,1,4,5,0.0448009444474517,7283496.699556141,772892.1637765467,537773.2394242638,706022.2559385897,60.010146592608024,1478914.4197151365,-646374.8039783705,832539.615736766
cms_adv,1,4,6,0.04916815873244574,7210628.057540737,518120.4246911354,459198.51054914575,635711.5500623182,60.00035941833074,1153831.9747534536,-719243.4459937748,434588.52875967865
cms_adv,1,4,7,0.04841262543687295,7193826.3523339145,793590.279427304,538016.6573739899,703044.7587606724,60.0108796583223,1496635.0381879765,-736045.1512005962,760589.8869873805
cms_adv,1,4,8,0.050151929733704005,7192927.595623917,523905.69218122365,464616.3479727813,635660.2222194318,60.00917424963592,1159565.9144006553,-736943.9079105954,422622.0064900601
cms_adv,1,4,9,0.04963133449234443,7190930.448846669,765125.8896034849,522538.13615876687,680927.1992808281,60.015062308607526,1446053.088884313,-738941.054687844,707112.0341964688
cms_adv,1,4,10,0.049008329859162834,7183255.3834542995,541563.7349285232,448189.9341043743,624685.3955173437,60.01478407917985,1166249.130445867,-746616.1200802125,419633.0103656544
cms_adv,1,4,11,0.05151907118088457,7177576.336979843,768908.0878855542,544908.370467879,694827.6273863062,60.007663163847425,1463735.7152718604,-752295.1665546688,711440.5487171914
cms_adv,1,4,12,0.04859914624919743,7173254.542331288,515226.3957002756,449999.93056293874,621487.0106488677,60.02367381124035,1136713.4063491435,-756616.961203224,380096.4451459191
cms_adv,1,4,13,0.04740721421253023,7216833.82761358,745874.9937233803,525835.7423953657,687909.1100773036,60.008240743236485,1433784.1038006837,-713037.675920933,720746.4278797508
cms_adv,1,4,14,0.04610681533358295,7244905.732092639,514349.07038043416,462687.55597114225,651442.8890158912,60.13373024525034,1165791.9593963255,-684965.771441873,480826.18795445235
cms_adv,1,4,15,0.04828385712099526,7178807.490467012,793099.1891397111,513945.4120260975,692354.9347270613,60.04903292448238,1485454.1238667725,-751064.0130675005,734390.1107992717
cms_adv,1,4,16,0.05172630638088924,7213168.714616338,513078.48984285805,461723.0208206768,647439.9425847894,60.012300809064456,1160518.4324276473,-716702.7889181747,443815.64350947266
cms_adv,1,4,17,0.05735312425332096,7141872.465952718,800130.0334939422,469841.0024080567,685926.0651106815,60.00659156673001,1486056.0986046237,-787999.037581795,698057.0610228286
cms_adv,1,4,18,0.049613577412655215,7156809.117302242,521770.31645359873,459526.97617453046,656589.909290788,60.000499136728486,1178360.2257443867,-773062.3862322707,405297.8395121158
cms_adv,1,4,19,0.04780691984690604,7180613.440052391,775316.3120073356,511334.9300550965,695298.4332956341,60.03764737923544,1470614.7453029696,-749258.0634821212,721356.6818208486
cms_adv,1,4,20,0.046870361389469685,7200776.442771413,512297.09399979556,470117.6023633455,633850.5729331285,60.031201068082225,1146147.666932924,-729095.0607630992,417052.60616982484
cms_adv,2,0,1,0.0873745484466093,7585574.388866042,681036.5666072322,579920.5652952658,633441.2251770739,60.00860629643172,1314477.7917843063,-1.4689179610458857e-09,1314477.7917843047
cms_adv,2,0,2,0.04323501366643936,6944922.438101164,656387.3819171047,422596.7278765285,573488.3062373156,60.03347467525449,1229875.6881544203,-640651.9507648795,589223.737389541
cms_adv,2,0,3,0.03912065539015273,6971108.976089964,610545.4715385181,475966.7070740838,575981.1580073381,60.00727765570127,1186526.629545856,-614465.4127760794,572061.2167697767
cms_adv,2,0,4,0.039638372312345,6906799.519667479,647471.4198785856,412522.41501809756,585782.8262443597,60.110247626831885,1233254.2461229453,-678774.8691985633,554479.3769243822
cms_adv,2,0,5,0.03667599663026901,6994830.862430249,642513.1246235162,463182.8161800337,606465.0073135713,60.000574250935735,1248978.1319370875,-590743.526435794,658234.6055012934
cms_adv,2,0,6,0.03764304615269469,6967239.130363246,691486.7419821811,451008.7015342015,595847.8833756051,60.01096770152631,1287334.6253577862,-618335.2585027972,668999.366854989
cms_adv,2,0,7,0.0408188611568769,7002146.363867191,607987.6889047474,462643.9556240073,574621.6943279079,60.018898241904175,1182609.3832326552,-583428.0249988522,599181.358233803
cms_adv,2,0,8,0.04135657906064519,6890091.5819564955,713977.2190553715,432703.4946724975,581972.8836742375,60.00056436579119,1295950.102729609,-695482.8069095488,600467.2958200601
cms_adv,2,0,9,0.04110557898527249,6990417.707455398,639070.8991817329,467582.7216899617,588979.7302022475,60.00821549655414,1228050.6293839803,-595156.6814106451,632893.9479733352
cms_adv,2,0,10,0.039384105784817054,6923595.972533977,682676.9010832126,439034.4532923399,588868.4763463658,60.027054428117424,1271545.3774295785,-661978.4163320668,609566.9610975117
cms_adv,2,0,11,0.04103090313218895,6953752.742614792,635517.2907188446,466253.17812360165,568976.1315498773,60.03130959320536,1204493.422268722,-631821.6462512509,572671.776017471
cms_adv,2,0,12,0.043171434237192274,6970260.756922666,667716.6196678608,446798.7592364817,590230.8400174464,60.0495706738268,1257947.4596853072,-615313.6319433767,642633.8277419306
cms_adv,2,0,13,0.04176297852403678,6916781.748750303,611883.3682883782,441886.65277318814,566916.0067658236,60.00573984509228,1178799.3750542018,-668792.6401157402,510006.73493846157
cms_adv,2,0,14,0.04318482167406132,6871960.929058894,669593.64659231,435229.34613971214,576339.8340324883,60.0216417299741,1245933.4806247982,-713613.4598071495,532320.0208176489
cms_adv,2,0,15,0.03856579897496314,6951862.113339901,633368.3321087043,461747.49239465833,584530.7292330842,60.02897674841677,1217899.0613417884,-633712.2755261416,584186.7858156469
cms_adv,2,0,16,0.03971498696028844,6905759.726701939,685668.1013930931,438511.1301982329,587521.3612924688,60.04481411550625,1273189.462685562,-679814.6621641048,593374.8005214572
cms_adv,2,0,17,0.04513953918831109,6915232.372297739,628973.3868378573,457440.5534659835,576301.428254189,60.02974019609576,1205274.8150920463,-670342.0165683054,534932.7985237407
cms_adv,2,0,18,0.04311414379441959,6889968.2316018045,696016.872914562,423760.15936368285,598349.2307554327,60.019121848568375,1294366.1036699947,-695606.1572642388,598759.9464057558
cms_adv,2,0,19,0.047035675432337144,6977821.599256408,617400.4773915393,474771.4664884519,569915.0602570255,60.11919851878997,1187315.537648565,-607752.7896096348,579562.7480389301
cms_adv,2,0,20,0.04598487263585423,6862610.7617831975,710400.236801675,422320.056301898,571794.7026796312,60.040502694929465,1282194.9394813064,-722963.6270828438,559231.3123984622
cms_adv,2,1,1,0.1050561840540347,7948299.155395221,730845.9229632791,642023.5508664699,678114.5479337774,60.0265171701365,1408960.4708970564,-4.087723885270647e-10,1408960.4708970562
cms_adv,2,1,2,0.05468008792390187,7130447.932378564,585657.4782472068,457421.5247498908,626314.6378747174,60.02173896496135,1211972.116121924,-817851.223016657,394120.89310526726
cms_adv,2,1,3,0.055839303807090054,7102385.053199994,719012.5770365723,496484.707058793,644172.5620408073,60.00262734760257,1363185.1390773796,-845914.1021952239,517271.0368821555
cms_adv,2,1,4,0.05932268519229414,7097413.74928968,616470.7082835801,459259.2734582399,625331.2842997831,60.05998478002175,1241801.9925833633,-850885.4061055385,390916.5864778247
cms_adv,2,1,5,0.0559035839406558,7121345.132663495,733502.0256544173,516674.6846320812,646339.7686166668,60.00494143324206,1379841.794271084,-826954.0227317247,552887.7715393592
cms_adv,2,1,6,0.06523613969456409,7188066.779146161,620156.2895327845,489363.56850230944,651238.2491791209,60.03854570560628,1271394.5387119052,-760232.3762490588,511162.1624628468
cms_adv,2,1,7,0.05850472679925917,7106816.599608714,623557.6863291219,485685.27077879,652603.3048572204,60.04320122167943,1276160.9911863422,-841482.5557865063,434678.4353998359
cms_adv,2,1,8,0.05985364557149678,7221183.788847397,626502.6833148639,487649.58854125784,639560.159431398,60.02614335614418,1266062.842746262,-727115.3665478228,538947.4761984391
cms_adv,2,1,9,0.06324255626957062,7083903.4441852765,626377.0543274984,466934.84784316237,623888.8706225057,60.03359962871268,1250265.924950004,-864395.711209944,385870.21374006005
cms_adv,2,1,10,0.05468154131564063,7235541.702649203,630507.9079731959,489153.6236964088,647471.4971768028,60.001243138720376,1277979.4051499988,-712757.4527460167,565221.9524039823
cms_adv,2,1,11,0.05537059118411591,7142678.474404654,631763.5375258605,501755.49791626446,642221.6322555799,60.00485456461022,1273985.1697814404,-805620.6809905645,468364.48879087594
cms_adv,2,1,12,0.05776057693187563,7238534.195543149,621018.1646423897,478862.3761502702,635888.2401149923,60.00421165869535,1256906.4047573819,-709764.9598520704,547141.4449053116
cms_adv,2,1,13,0.06278658878031196,7113627.263253544,628967.1532583132,496112.8253047556,637419.39240055,60.00554366017762,1266386.5456588631,-834671.8921416756,431714.6535171875
cms_adv,2,1,14,0.05674894836944896,7269941.900685858,640589.250586809,494611.7353088992,642354.4468892446,60.14143782611772,1282943.6974760536,-678357.2547093617,604586.4427666917
cms_adv,2,1,15,0.05401899364690371,7160572.717215648,628515.1312883093,481170.7464365384,626249.6285590068,60.00739865351224,1254764.7598473164,-787726.4381795716,467038.32166774466
cms_adv,2,1,16,0.05420553202721672,7166453.005099207,630721.5676528598,473394.7542237705,645922.1917315108,60.00676295702767,1276643.7593843706,-781846.1502960123,494797.6090883583
cms_adv,2,1,17,0.058761094525399765,7118637.387834981,622138.568853189,482516.68266176333,644704.8611770683,60.02166387794504,1266843.4300302572,-829661.7675602395,437181.6624700177
cms_adv,2,1,18,0.055487187536098076,7238395.5867251,628904.4000023163,482839.6492020118,650568.6894823479,60.00499758995732,1279473.0894846644,-709903.5686701208,569569.5208145436
cms_adv,2,1,19,0.052122826838361,7150959.667791724,618237.0074009446,482605.7889816827,644363.4057282135,60.00682497975142,1262600.413129158,-797339.4876034948,465260.92552566336
cms_adv,2,1,20,0.05620510144239823,7215343.4587940015,636866.1581995466,469054.82626651553,638575.486135243,60.007403202264214,1275441.6443347896,-732955.6966012188,542485.9477335708
cms_adv,2,2,1,0.08946235434512936,7791597.02764496,715670.1874045344,655022.0588386199,688420.4276927139,60.00765522757187,1404090.6150972482,-4.327693423449785e-11,1404090.6150972482
cms_adv,2,2,2,0.049441082962024395,7120957.72126702,566608.0584738917,463233.7339691757,620006.5157807381,60.01041002667222,1186614.5742546297,-670639.3063779393,515975.2678766903
cms_adv,2,2,3,0.046986069021823534,7100499.73081473,609721.4844730545,506245.3883212237,629172.1292756767,60.01381489315545,1238893.613748731,-691097.2968302299,547796.3169185014
cms_adv,2,2,4,0.050151605275543264,7109863.953572916,534232.2742237126,459122.76210962806,604545.7591379569,60.02315628087721,1138778.0333616696,-681733.0740720428,457044.95928962674
cms_adv,2,2,5,0.05353723488387075,7033689.173262725,624739.3997815023,506966.2432267021,624389.3468404781,60.027227114432776,1249128.7466219803,-757907.854382235,491220.89223974536
cms_adv,2,2,6,0.04992113807882653,7094092.072169958,551068.3695507703,482480.6347613479,608040.4471414639,60.00806269234655,1159108.816692234,-697504.955475002,461603.8612172323
cms_adv,2,2,7,0.0470144836137738,7044492.816547045,618590.8852278546,456057.6007580723,600707.8378931306,60.01340253182325,1219298.723120985,-747104.211097915,472194.5120230705
cms_adv,2,2,8,0.0494856129026556,7046768.048924842,542342.9432011964,460711.37017600436,612689.6440386995,60.016030406072595,1155032.5872398957,-744828.9787201177,410203.6085197783
cms_adv,2,2,9,0.05096740749244203,6998513.061475117,591018.7010084843,467720.3102174714,604411.8136953472,60.011683022208,1195430.5147038314,-793083.966169843,402346.5485339885
cms_adv,2,2,10,0.050645382558192724,7056983.449026936,525779.3235173384,457032.4491109308,597535.3740258735,60.038400577365586,1123314.697543212,-734613.5786180234,388701.1189251885
cms_adv,2,2,11,0.051629517419548264,7032280.509408667,616725.9447882535,486718.98297322006,620152.9302090172,60.01501521938667,1236878.8749972708,-759316.518236292,477562.3567609788
cms_adv,2,2,12,0.05465177159589274,7012326.680414442,520460.3122032343,436687.36398006126,591027.7428232725,60.045431280947646,1111488.0550265068,-779270.3472305185,332217.7077959883
cms_adv,2,2,13,0.050441427193549424,7070792.110051477,623992.5997784947,495934.00692930276,625987.1281705372,60.01091060154337,1249979.7279490319,-720804.9175934825,529174.810355549
cms_adv,2,2,14,0.052583918836408575,7046463.760366888,531059.1990811788,440642.8695948934,596174.2425729536,60.00995478696932,1127233.4416541322,-745133.2672780709,382100.1743760615
cms_adv,2,2,15,0.05238690961561879,6998333.461850844,617411.7781696441,489190.0867689586,638148.8844709762,60.013484063903725,1255560.6626406203,-793263.5657941154,462297.0968465049
cms_adv,2,2,16,0.059439442657888614,7100806.109730123,544347.6258543909,493277.74914071197,627398.3425320811,60.00438320342438,1171745.968386472,-690790.9179148369,480955.05047163484
cms_adv,2,2,17,0.05436420602857016,6971328.82128834,612447.707400589,439941.4816102966,620734.7561278373,60.00396641153846,1233182.4635284261,-820268.2063566198,412914.2571718066
cms_adv,2,2,18,0.04722109414006016,7106166.991527226,546505.0385568994,464919.4451997004,609530.779071828,60.008106759959055,1156035.8176287273,-685430.0361177332,470605.7815109942
cms_adv,2,2,19,0.05158370912050852,7029468.059870758,609388.8915053718,488598.42899754026,629009.4759724987,60.01635795710086,1238398.3674778705,-762128.9677742014,476269.399703669
cms_adv,2,2,20,0.04492148139852186,7054040.362303755,508802.11040369695,463774.13994519785,611294.695917559,60.08865319595018,1120096.8063212559,-737556.6653412055,382540.1409800502
cms_adv,2,3,1,0.10384701716408846,7845375.488458582,734120.178808945,603160.5453137199,719860.9767097925,60.017769661611055,1453981.1555187376,-9.569910130258968e-10,1453981.1555187365
cms_adv,2,3,2,0.05693326152671453,7058369.021453797,640320.3501559185,478551.82115235936,658627.275733201,60.00737212403497,1298947.6258891195,-787006.4670047865,511941.1588843331
cms_adv,2,3,3,0.05983029656041678,7055490.572240229,652927.6224381689,457189.99648844916,641569.459454173,60.01292187658178,1294497.081892342,-789884.9162183551,504612.1656739867
cms_adv,2,3,4,0.060321708591125504,6985078.731036722,634704.9318395973,457812.9556448311,663929.8891596501,60.01079175148919,1298634.8209992473,-860296.7574218625,438338.06357738486
cms_adv,2,3,5,0.051881957758702656,7103329.534808942,654598.4764435485,458538.9235346202,649459.6383768796,60.00319652371115,1304058.1148204282,-742045.9536496417,562012.1611707865
cms_adv,2,3,6,0.052755067397811196,7118911.411071383,648323.1820839702,488289.2928021433,662509.9818389844,60.01747198796183,1310833.1639229546,-726464.0773872,584369.0865357546
cms_adv,2,3,7,0.057672534884441684,7089794.514954243,629436.202192683,442486.6458244958,632015.7585233414,60.01291348808828,1261451.9607160245,-755580.9735043402,505870.9872116842
cms_adv,2,3,8,0.0581946736358567,7032514.870629951,618968.0604359665,469272.1908621561,653972.0456479469,60.04286105010996,1272940.1060839135,-812860.6178286319,460079.4882552814
cms_adv,2,3,9,0.05649236833869519,7078035.535674958,647856.620771272,442448.6676170727,638504.8117697036,60.02919643554429,1286361.4325409757,-767339.952783626,519021.4797573496
cms_adv,2,3,10,0.05706008067219363,7114418.868318606,653430.5231437446,486310.4246317308,650540.4807086921,60.01182384784876,1303971.0038524366,-730956.6201399767,573014.38371246
cms_adv,2,3,11,0.05804636083091833,7036218.295057506,653372.9789864853,434033.61174175376,637444.574167674,60.03325466537552,1290817.5531541593,-809157.1934010766,481660.3597530829
cms_adv,2,3,12,0.05596324793491305,7063420.8153334595,635509.7822995638,476917.0567117168,677742.319032826,60.01749037141205,1313252.1013323897,-781954.6731251226,531297.4282072672
cms_adv,2,3,13,0.05306177713752398,7149600.895630958,648558.0569246719,463135.0049853025,644827.5980334472,60.0125291830474,1293385.6549581192,-695774.5928276252,597611.0621304937
cms_adv,2,3,14,0.058989708259867706,7137843.59432419,658731.2528316812,481136.6857035866,669036.2599770346,60.00037796492725,1327767.5128087157,-707531.8941343937,620235.6186743224
cms_adv,2,3,15,0.06096967799932094,7026870.83127409,659054.7957237636,454297.0938702502,644232.1812050913,60.11777657914231,1303286.9769288548,-818504.6571844928,484782.31974436215
cms_adv,2,3,16,0.06230571227029349,7001051.461106705,649790.4835060737,489250.3060379365,674863.726854143,60.00993295718941,1324654.2103602167,-844324.027351879,480330.1830083376
cms_adv,2,3,17,0.05350855034841993,7124261.544011049,641418.837196392,463736.1324353264,655704.5122793941,60.10367391196139,1297123.349475786,-721113.9444475337,576009.4050282524
cms_adv,2,3,18,0.05620060770738311,7109524.258405234,658537.6445460906,476669.56282331696,659189.9286233108,60.01198566950416,1317727.5731694014,-735851.23005335,581876.3431160516
cms_adv,2,3,19,0.055322680028998525,7054007.3081598,653604.4209961672,444794.168620832,652524.0761562266,60.024721380736345,1306128.4971523937,-791368.1802987829,514760.31685361103
cms_adv,2,3,20,0.05533076775080789,6996353.969786649,658259.8066299141,473330.79324522545,654873.9832754197,60.00114062462346,1313133.7899053337,-849021.5186719346,464112.27123339917
cms_adv,2,4,1,0.09900946220324781,7791235.000789758,838107.6122592519,671469.2040998281,726293.4621571313,60.01341389996435,1564401.0744163832,1.16786478693129e-10,1564401.074416383
cms_adv,2,4,2,0.0631876499114313,7046796.07039459,571916.7130880896,453298.6872393718,668551.5978396119,60.00179001019741,1240468.3109277014,-744438.9303951691,496029.38053253246
cms_adv,2,4,3,0.0582654937905114,6954413.831212017,723229.028833898,492535.6005986704,662741.6444173991,60.06842402540471,1385970.673251297,-836821.1695777408,549149.5036735564
cms_adv,2,4,4,0.055164773656928234,6978086.750879791,606740.9898512505,439938.99320814776,633833.3205624843,60.00185139285101,1240574.3104137348,-813148.2499099672,427426.06050376757
cms_adv,2,4,5,0.060721984168761116,6942035.935899725,737076.8370112434,503381.94768612523,672154.8196565291,60.020859913452085,1409231.6566677724,-849199.064890033,560032.5917777398
cms_adv,2,4,6,0.05655638044634061,6982026.598936967,628054.843886879,452007.2786263951,648675.5115457347,60.00552104058103,1276730.3554326138,-809208.4018527921,467521.95357982157
cms_adv,2,4,7,0.05614114488655965,6948823.770076257,739404.5743637768,487884.0431400677,678942.964047961,60.00127093838209,1418347.538411738,-842411.2307135019,575936.3076982361
cms_adv,2,4,8,0.055253582913115024,6973009.983078905,616701.7427030664,437311.5905222683,645081.1987697574,60.008522408522055,1261782.941472824,-818225.0177108534,443557.9237619705
cms_adv,2,4,9,0.053947985610172285,6946474.652296803,743151.3580045103,480359.2643686086,692823.109903474,60.013929892095476,1435974.4679079843,-844760.3484929558,591214.1194150285
cms_adv,2,4,10,0.05321086325389801,7028528.059555191,630804.8227929105,458751.2216507145,678612.6205042176,60.012487258408854,1309417.443297128,-762706.9412345677,546710.5020625604
cms_adv,2,4,11,0.05704114868166903,6957388.405795707,742372.3087196385,489751.58626859874,656162.7209188577,60.00300623088829,1398535.0296384962,-833846.5949940508,564688.4346444453
cms_adv,2,4,12,0.05316010165935088,7025660.978928426,627634.844921221,457558.89802354435,657919.4771645982,60.0234058019119,1285554.3220858194,-765574.0218613328,519980.30022448656
cms_adv,2,4,13,0.051441603158255966,6983844.266864979,717872.0843393247,486969.27405081934,667681.0183227292,60.007508297874324,1385553.1026620537,-807390.73392478,578162.3687372737
cms_adv,2,4,14,0.057309793551728196,7061067.550834294,631262.4769546214,459178.622616882,653189.3467653074,60.01596712549088,1284451.8237199287,-730167.4499554628,554284.373764466
cms_adv,2,4,15,0.055513185134677054,6925368.99850952,743491.8516500914,497014.3504222053,666316.2072327231,60.00141819480889,1409808.0588828146,-865866.0022802379,543942.0566025766
cms_adv,2,4,16,0.052918114839907555,7031935.58104738,615619.524653906,448064.9814374508,669683.1477911999,60.02963601878306,1285302.6724451059,-759299.4197423788,526003.2527027272
cms_adv,2,4,17,0.05159499405386574,7020967.314050415,739827.1053749108,503292.71775261074,672630.5072535209,60.03579083705704,1412457.6126284315,-770267.6867393441,642189.9258890875
cms_adv,2,4,18,0.05200623363024249,7055293.005779995,643403.734435624,474702.5259637002,679447.0235657933,60.020770134065486,1322850.7580014172,-735941.9950097639,586908.7629916534
cms_adv,2,4,19,0.05288005087506997,6988116.079208468,740549.6857030105,482517.1619218354,675924.7894577394,60.00748808651332,1416474.47516075,-803118.9215812901,613355.5535794598
cms_adv,2,4,20,0.05648131972681555,7026238.666270195,628757.9694887123,467212.6968401108,644564.9614683077,60.04107788722874,1273322.93095702,-764996.334519565,508326.5964374549
