key,label,family,group,nc_ungamed,nc_post,nc_ungamed_fold_min,nc_ungamed_fold_max,nc_post_fold_min,nc_post_fold_max,enrollment_share_post
cms,CMS form,reference,Income below 200% FPL,331.05342300320916,1887.9889963046674,-1316.7756276254113,1084.0198814047972,305.13380535071303,2652.73666744397,1.0008455149471345
cms,CMS form,reference,Hispanic,294.4743698670578,1469.6356881503548,-1522.7452401863322,1425.7416236050592,15.628053671480778,2539.4890273028536,0.9841296234468672
cms,CMS form,reference,Non-Hispanic Black,85.61252217234369,1379.1703610428342,-1100.2930316423356,1191.9916592957431,312.8181213493951,2382.622229795643,0.9912748104498639
cms,CMS form,reference,Non-Hispanic Asian,591.0917977992693,1656.800927370267,-689.6617711226636,1597.0100832861558,21.979585915088308,2798.08982850222,0.9836540855346853
cms,CMS form,reference,Needs ADL or IADL help,-9915.429924714661,-5763.656778060374,-21637.471292332022,-3644.3908829326892,-15704.80938431461,-572.155549618576,1.0110132784654824
cms,CMS form,reference,Mental health condition,3.650625191141944,2735.4992296468017,-1962.6478705359482,1970.7121884099465,1032.0412062517319,4941.673266567004,1.043685514215989
cms,CMS form,reference,Age 65 and over,21.607482736735207,2951.9454862655484,-2801.385726871943,2418.3475834888222,235.8352202998066,5253.0083055312125,1.0458169449860693
cms,CMS form,reference,Uninsured all year,1212.4294660536573,1644.5853982161575,-18.623017782070747,1993.7309082488898,459.0640923434529,2528.409816833247,0.9917892899755335
cms_F3,"CMS form, with prior use",reference,Income below 200% FPL,277.10672544830624,1762.8659250001358,-1310.3875751376831,1002.2853961859731,185.13427316823416,2561.12889517936,1.0002426646233709
cms_F3,"CMS form, with prior use",reference,Hispanic,249.56456682985058,1291.5484643117816,-1686.4002644347313,1320.6956957956522,-230.8030615977845,2249.6873466707098,0.9686244135820122
cms_F3,"CMS form, with prior use",reference,Non-Hispanic Black,77.77668069347949,1259.97728560987,-1178.7690273580445,1088.1567578676684,-26.790596332526615,2418.4879852894483,0.9895306712935702
cms_F3,"CMS form, with prior use",reference,Non-Hispanic Asian,483.65809857490814,1505.0759731791256,-730.0393983773182,1430.925805238812,194.06476573329573,2593.9555031000928,0.976725092129528
cms_F3,"CMS form, with prior use",reference,Needs ADL or IADL help,-10361.401525162648,-5697.625488118252,-21747.409944296374,-4176.7576680784705,-14715.134381466753,-45.81868300751613,1.011023432444765
cms_F3,"CMS form, with prior use",reference,Mental health condition,-379.07995672506144,2094.5077468843774,-2340.1165430157703,1674.4972222860736,372.12170989184847,3893.0996094612415,1.0470398259580598
cms_F3,"CMS form, with prior use",reference,Age 65 and over,-622.2035393420302,2422.4136456359506,-3283.1503903807247,1496.954293162839,-135.99295222380138,4342.3575603040335,1.0371418610190732
cms_F3,"CMS form, with prior use",reference,Uninsured all year,530.0049688797233,1053.2211686323842,-541.7848928327029,1234.0904088157317,156.01097753354176,1842.560455959145,0.9142460049196006
wls,Unconstrained WLS,reference,Income below 200% FPL,-80.38636532599928,1706.2241441235396,-1498.4252083203598,615.5686403579546,261.7332215951666,2555.4230531828057,0.9883353242678209
wls,Unconstrained WLS,reference,Hispanic,-269.9968644319326,915.8412588237248,-2037.618037526857,828.4371955733972,-434.21366311376966,1947.8441509642455,0.9640505235003289
wls,Unconstrained WLS,reference,Non-Hispanic Black,-199.33061747698866,1136.513077956463,-1340.9198604544933,759.3149451675725,-271.6316450086598,2283.150671241679,0.9831398131973959
wls,Unconstrained WLS,reference,Non-Hispanic Asian,164.28856810891654,1289.8512472245538,-1098.3598662816428,1265.4145815369957,-201.502481485564,2291.994933284981,0.9802907575001213
wls,Unconstrained WLS,reference,Needs ADL or IADL help,-7748.455786307084,-3357.2968463997668,-18673.483141024797,-2039.8567476526246,-12292.713542769374,1255.382768797752,1.0394951383946078
wls,Unconstrained WLS,reference,Mental health condition,203.56306275125468,2969.294709132703,-1732.9751153885663,2370.178451165741,1545.170632213695,5198.426663396993,1.0420521251821588
wls,Unconstrained WLS,reference,Age 65 and over,3.7754583000474895,2721.7776902373053,-2539.9648909342677,2135.552836965434,1223.1378211895685,4760.788055183958,1.0414478105084075
wls,Unconstrained WLS,reference,Uninsured all year,-102.571919262082,654.0601779962193,-1197.5565771791928,1064.3529502349388,-355.2275973485182,1740.7356617582254,0.9320131382598421
gbm,Tweedie boosting,reference,Income below 200% FPL,5.561678081617647,789.2433594659584,-1409.5099511521385,779.7420630996605,-912.5664963957961,1717.7160759340854,0.9892085748153109
gbm,Tweedie boosting,reference,Hispanic,92.4662292323048,517.078999485035,-1888.201968965834,1091.9840342014795,-1550.0222539674835,1782.8892266537555,0.9704526538607735
gbm,Tweedie boosting,reference,Non-Hispanic Black,-5.454504669741689,740.2977174925386,-1453.6758221499542,1016.1678941030794,-778.5773676596912,1982.3880409967742,0.9896071853194037
gbm,Tweedie boosting,reference,Non-Hispanic Asian,301.377416616956,752.5161660714645,-1268.1902443793547,1250.5483903481977,-987.315065532173,1950.3883749858376,0.9859426927252389
gbm,Tweedie boosting,reference,Needs ADL or IADL help,-5677.0261725309565,-2855.8264070008327,-15514.57814764056,-658.4881769405374,-14708.62461702303,4887.110682500823,1.0788975426350669
gbm,Tweedie boosting,reference,Mental health condition,550.481859511836,2068.5549519611513,-960.206058710233,2402.207075260987,407.50953864601627,4368.189710902742,1.0598323434019212
gbm,Tweedie boosting,reference,Age 65 and over,-455.25946263870463,1455.486168080142,-2492.7741638018633,1035.6759852448145,-1162.8420941570032,3409.7741603360164,1.0691401805818543
gbm,Tweedie boosting,reference,Uninsured all year,567.037418795761,778.453770581265,-304.37119195337243,1198.2320514787095,-134.69691788988607,1469.4223216354594,0.9487242981020139
fair,Fair stacked (paper 6),reference,Income below 200% FPL,209.17481879506244,2100.4907773454565,-1224.3343549835247,1037.2768936400034,197.85644925405236,3092.3788289719314,0.9860600241310986
fair,Fair stacked (paper 6),reference,Hispanic,-576.2680999393452,331.0313281228385,-2513.805055695814,398.71269338097227,-1868.5171692179495,1640.7941783104368,0.9604512337661413
fair,Fair stacked (paper 6),reference,Non-Hispanic Black,-138.07849338622725,1325.4014405812266,-1434.5950944455617,1020.4274564554571,-542.2210920022704,3051.581327361522,0.9820304854860249
fair,Fair stacked (paper 6),reference,Non-Hispanic Asian,-47.19538322458829,947.0471788986332,-1610.0847020183353,1132.297782269619,-777.1212049921838,2372.4819646323613,0.9893420900467035
fair,Fair stacked (paper 6),reference,Needs ADL or IADL help,846.5914348533005,6270.351863242028,-10036.92695672105,6498.758681528574,-5639.746062377462,16454.2183506869,1.135195729813639
fair,Fair stacked (paper 6),reference,Mental health condition,381.7785399701924,3922.0003752450616,-1468.5311308249816,2326.972542414482,1834.4275816003963,6541.739974811122,0.999691457335127
fair,Fair stacked (paper 6),reference,Age 65 and over,2629.481122352226,6278.561624898114,-226.25604223997703,4828.383527572576,3034.935404605066,8374.699440197517,1.0990281013460599
fair,Fair stacked (paper 6),reference,Uninsured all year,-532.3054780949586,-41.5671686784019,-1284.3598978667437,236.3347844088917,-973.4908415369054,761.3316643399246,0.9357547788247206
cms_cap,"CMS form, cost-capped",capped,Income below 200% FPL,330.8212056358026,1891.1945518247194,-1316.7753927919591,1084.019886138967,237.3903307648968,2692.8572141302243,1.0009361768325113
cms_cap,"CMS form, cost-capped",capped,Hispanic,294.05850177319155,1453.8701093345671,-1522.7425781269062,1425.7416236067318,34.11285566395091,2413.5430788011818,0.9839798903420454
cms_cap,"CMS form, cost-capped",capped,Non-Hispanic Black,85.35797884740343,1407.8210374061111,-1100.2930448024279,1191.9917150793024,342.92274398884393,2552.7546889691225,0.9912887353546969
cms_cap,"CMS form, cost-capped",capped,Non-Hispanic Asian,591.0645886057172,1674.8295784945278,-689.6617662358204,1597.0103003738834,224.1661763090717,2668.185416096694,0.985035143652836
cms_cap,"CMS form, cost-capped",capped,Needs ADL or IADL help,-9915.760913728134,-5766.4595018704085,-21637.468462178833,-3644.390881758415,-15370.47522204135,-221.97667004560347,1.0104991860686277
cms_cap,"CMS form, cost-capped",capped,Mental health condition,3.558805174252484,2689.9246473315998,-1962.6478695772505,1970.7092059115078,695.8390598993528,4648.068999066859,1.0442653476439672
cms_cap,"CMS form, cost-capped",capped,Age 65 and over,21.64666742595031,2947.555662648725,-2801.3852951644812,2418.3468547115003,677.065704889628,5349.167136331282,1.0454218105402147
cms_cap,"CMS form, cost-capped",capped,Uninsured all year,1212.4573447293735,1768.2707220892387,-18.62302526631221,1993.730908247742,450.41922769431403,2543.99914073164,0.9927013498818261
cms_pen_0.5,"CMS form, coding-penalized (lambda=0.5)",penalized,Income below 200% FPL,3.941907512898687,921.5569838173404,-1651.2271816451187,782.5667441231408,-576.7983782727647,1618.7705537974573,0.9944254867409671
cms_pen_0.5,"CMS form, coding-penalized (lambda=0.5)",penalized,Hispanic,230.55848392030234,925.4814514349176,-1520.2806867412985,1364.1980847172888,-487.55407434541695,2022.2232118544898,0.9800025927476138
cms_pen_0.5,"CMS form, coding-penalized (lambda=0.5)",penalized,Non-Hispanic Black,-123.96120462314214,633.1832030749181,-1437.0556877695935,1051.6004850595423,-481.0910281422157,1724.4515965744424,0.9859079161536266
cms_pen_0.5,"CMS form, coding-penalized (lambda=0.5)",penalized,Non-Hispanic Asian,774.8642475533131,1297.0007444361706,-465.94912665787655,1732.777102682849,-171.02997377000645,2165.6593978305336,0.9896024581804691
cms_pen_0.5,"CMS form, coding-penalized (lambda=0.5)",penalized,Needs ADL or IADL help,-12152.74402283493,-9438.330894603487,-23592.436087477505,-5958.539152871689,-19080.958063830836,-3794.306827255468,0.9661718291702069
cms_pen_0.5,"CMS form, coding-penalized (lambda=0.5)",penalized,Mental health condition,-202.22452420266146,1263.6076274022678,-1945.7127785121702,1524.583866940661,-380.34402435678277,2844.7006270841125,1.0312776409567868
cms_pen_0.5,"CMS form, coding-penalized (lambda=0.5)",penalized,Age 65 and over,-15.503762760011572,1326.3821521287598,-2740.702303814567,2154.573736229144,-889.7399144481992,3510.0837079056205,1.0549555636508614
cms_pen_0.5,"CMS form, coding-penalized (lambda=0.5)",penalized,Uninsured all year,1167.6201091178364,1524.7241599914494,-13.03933765096391,1957.329853592088,301.1518010621993,2393.3432004770702,0.9860018843483171
cms_pen_1,"CMS form, coding-penalized (lambda=1)",penalized,Income below 200% FPL,-31.71985099730137,887.8089645794156,-1679.0313465787845,758.8015688755197,-529.951749277894,1612.2652971701448,0.9931766509699843
cms_pen_1,"CMS form, coding-penalized (lambda=1)",penalized,Hispanic,254.69399840404063,962.4473547403902,-1496.7848900423035,1390.8431065946677,-463.99895572752973,2075.9353861041977,0.9805380931732475
cms_pen_1,"CMS form, coding-penalized (lambda=1)",penalized,Non-Hispanic Black,-123.3998046215559,622.9505946466027,-1442.333107835592,1053.86571667342,-529.9666971057752,1745.7705525982592,0.9863849292749455
cms_pen_1,"CMS form, coding-penalized (lambda=1)",penalized,Non-Hispanic Asian,832.1770493915482,1356.6447282052443,-404.82349860788065,1788.6187141226903,-57.84184871231099,2205.674657233852,0.9913932757264974
cms_pen_1,"CMS form, coding-penalized (lambda=1)",penalized,Needs ADL or IADL help,-12462.135036388294,-9660.938482681131,-23852.11773327019,-6291.118405737863,-19446.64946953231,-3819.3130846120425,0.9642539548980776
cms_pen_1,"CMS form, coding-penalized (lambda=1)",penalized,Mental health condition,-381.4952835339531,1065.4507557914783,-2113.845722351072,1332.008211406657,-652.764998816369,2510.7351129737876,1.0261038962362616
cms_pen_1,"CMS form, coding-penalized (lambda=1)",penalized,Age 65 and over,-14.343995904655117,1322.3202748011643,-2742.2772957581224,2131.3209067016614,-860.9925656707902,3487.7471399976125,1.0577448590823946
cms_pen_1,"CMS form, coding-penalized (lambda=1)",penalized,Uninsured all year,1233.1574026996493,1589.7289293504714,37.47026968075666,2026.9599442103377,339.8826393887994,2442.721527951633,0.9894772531636524
cms_pen_2,"CMS form, coding-penalized (lambda=2)",penalized,Income below 200% FPL,-65.82143718915485,842.2266260702656,-1705.0249917836816,744.9630126972623,-600.6911918741564,1584.598869414617,0.9920976001422462
cms_pen_2,"CMS form, coding-penalized (lambda=2)",penalized,Hispanic,317.2519651700276,1010.5418556970144,-1434.53232003493,1456.880005625335,-372.86843805037654,2114.5931704064456,0.9804195458433013
cms_pen_2,"CMS form, coding-penalized (lambda=2)",penalized,Non-Hispanic Black,-95.64653796134134,631.065797305413,-1419.0561257519162,1079.4522377488786,-479.27297064979143,1731.2138606212698,0.9872809171512018
cms_pen_2,"CMS form, coding-penalized (lambda=2)",penalized,Non-Hispanic Asian,944.3602996416399,1464.239210156673,-292.9232437151545,1900.867016693153,61.389936571600394,2335.0034974684086,0.9982804201081003
cms_pen_2,"CMS form, coding-penalized (lambda=2)",penalized,Needs ADL or IADL help,-12890.655052848539,-10228.89765565758,-24211.170521954962,-6753.55789384868,-19741.52097232106,-4558.697124608658,0.9553813190646446
cms_pen_2,"CMS form, coding-penalized (lambda=2)",penalized,Mental health condition,-725.3596109985639,671.8970184839857,-2448.209699414152,993.9763327260965,-957.7035657109578,2165.6793898155106,1.017011327967729
cms_pen_2,"CMS form, coding-penalized (lambda=2)",penalized,Age 65 and over,-2.738233920843724,1341.9308721946654,-2740.432700674284,2116.003355923622,-820.7530253184328,3470.9816987479667,1.065148547059205
cms_pen_2,"CMS form, coding-penalized (lambda=2)",penalized,Uninsured all year,1389.5285710452017,1757.9102141931442,159.13573640637014,2195.3661138373477,476.7971194565807,2581.0475208060366,0.9925967546792016
cms_pen_5,"CMS form, coding-penalized (lambda=5)",penalized,Income below 200% FPL,-109.79742224557533,762.2681469955219,-1737.0569825456685,743.0610322866661,-668.6007189388592,1543.9263433230021,0.9907179583676607
cms_pen_5,"CMS form, coding-penalized (lambda=5)",penalized,Hispanic,492.66282457362115,1146.0797332665654,-1260.4156744002976,1636.3480736287004,-239.94700431683344,2218.191244652684,0.9848919344568329
cms_pen_5,"CMS form, coding-penalized (lambda=5)",penalized,Non-Hispanic Black,-1.993033728421141,711.6438246392229,-1331.821481247516,1162.762261124759,-442.98017965437833,1860.46972272553,0.9915089132979223
cms_pen_5,"CMS form, coding-penalized (lambda=5)",penalized,Non-Hispanic Asian,1217.6812775948067,1710.8412274983175,-27.647281096100034,2173.3046860485974,291.93704097716954,2634.8542139254855,1.0094664849949004
cms_pen_5,"CMS form, coding-penalized (lambda=5)",penalized,Needs ADL or IADL help,-13797.48241771988,-11226.365501236673,-24992.7380134314,-7698.554841550128,-21456.022003120783,-5786.78724171755,0.9403651149566218
cms_pen_5,"CMS form, coding-penalized (lambda=5)",penalized,Mental health condition,-1568.4628680779865,-248.88980602341968,-3276.277917616104,190.75170521837552,-1840.7521676298882,1175.9464887716151,0.9912416887500879
cms_pen_5,"CMS form, coding-penalized (lambda=5)",penalized,Age 65 and over,4.995671031639442,1408.3416519151006,-2766.625348764387,2071.1256545152105,-826.3258527088022,3480.4743792493564,1.0724735404363346
cms_pen_5,"CMS form, coding-penalized (lambda=5)",penalized,Uninsured all year,1793.9570608717477,2137.6181947537984,478.2924649658044,2628.75887760569,825.873604848615,2993.3600724670514,1.012931905635358
cms_pen_10,"CMS form, coding-penalized (lambda=10)",penalized,Income below 200% FPL,-145.81374772929684,712.452829223348,-1763.367388301474,750.3131046580872,-694.8050621084478,1525.6876155054058,0.9918206839827942
cms_pen_10,"CMS form, coding-penalized (lambda=10)",penalized,Hispanic,691.1609524204472,1341.7536310453202,-1064.5622361168448,1836.8738504266883,-57.60865762209025,2371.107024263354,0.9926316512511704
cms_pen_10,"CMS form, coding-penalized (lambda=10)",penalized,Non-Hispanic Black,104.3972759767071,812.951213512506,-1232.8842589207438,1257.3170096776723,-319.38137128056195,1915.1283484410528,0.9973352386708858
cms_pen_10,"CMS form, coding-penalized (lambda=10)",penalized,Non-Hispanic Asian,1515.8905534467078,2037.9316960180622,259.86634742927,2471.7956910620583,621.4498655384034,2955.6481298696945,1.0196718872476795
cms_pen_10,"CMS form, coding-penalized (lambda=10)",penalized,Needs ADL or IADL help,-14744.676912004661,-12161.851056179796,-25814.256518074228,-8467.581693366896,-22702.204254581888,-6681.399104886504,0.930128905226145
cms_pen_10,"CMS form, coding-penalized (lambda=10)",penalized,Mental health condition,-2497.3341896137877,-1285.3460731768967,-4202.227986534222,-689.6961069208429,-3000.99237663113,298.07859066836284,0.9646132106450553
cms_pen_10,"CMS form, coding-penalized (lambda=10)",penalized,Age 65 and over,5.24970989525037,1488.199779048339,-2800.590596801968,2023.9943405205725,-674.3288931233833,3482.0279224097562,1.069035105360864
cms_pen_10,"CMS form, coding-penalized (lambda=10)",penalized,Uninsured all year,2241.4107916130097,2578.035772188648,832.1178421504185,3109.4003654481567,1199.86101053653,3444.0111107722378,1.0459646497106747
cms_pen_20,"CMS form, coding-penalized (lambda=20)",penalized,Income below 200% FPL,-181.56587246765721,649.8023784088032,-1789.3521249543583,761.0987177166895,-782.9840172784928,1522.286200844473,0.9939824266706833
cms_pen_20,"CMS form, coding-penalized (lambda=20)",penalized,Hispanic,906.6024907359404,1533.6519678751092,-851.9705353904943,2055.2096723282793,142.99695776178896,2559.9076353586547,1.0054101861760676
cms_pen_20,"CMS form, coding-penalized (lambda=20)",penalized,Non-Hispanic Black,220.2289670561939,926.9362247998711,-1124.3745432781952,1359.6493644347054,-142.57770974196018,1985.397617644116,1.0069442318794442
cms_pen_20,"CMS form, coding-penalized (lambda=20)",penalized,Non-Hispanic Asian,1837.4402038805736,2388.496917428523,569.163949529116,2795.068451148739,885.7031797803164,3349.7104322026325,1.0300440265268134
cms_pen_20,"CMS form, coding-penalized (lambda=20)",penalized,Needs ADL or IADL help,-15751.389310665916,-13392.366694516775,-26756.755901634384,-9283.931505328177,-23821.87716921059,-7660.580701601667,0.9167464408126771
cms_pen_20,"CMS form, coding-penalized (lambda=20)",penalized,Mental health condition,-3500.6156693044236,-2521.6496707629744,-5206.639667124835,-1640.9614608745612,-4306.614183420764,-868.6882230756635,0.9307143275004444
cms_pen_20,"CMS form, coding-penalized (lambda=20)",penalized,Age 65 and over,5.654489759919132,1518.7663964068056,-2837.4382522969668,1974.9907639955327,-639.5188667265221,3516.1770636335914,1.0634805364351645
cms_pen_20,"CMS form, coding-penalized (lambda=20)",penalized,Uninsured all year,2726.76547996574,2997.449360999403,1216.4883913244864,3631.7521613969807,1540.9331082313277,3908.3461054841187,1.0768014177077736
cms_pen_50,"CMS form, coding-penalized (lambda=50)",penalized,Income below 200% FPL,-218.6460457040112,699.6698642684988,-1816.1965847192043,774.1736115752689,-749.1030792540355,1641.4792433540613,0.9976449927962446
cms_pen_50,"CMS form, coding-penalized (lambda=50)",penalized,Hispanic,1139.8112463462107,1821.9060139092207,-621.6545357393624,2292.081274666479,440.0742295256601,2820.1127937494234,1.0183577032083104
cms_pen_50,"CMS form, coding-penalized (lambda=50)",penalized,Non-Hispanic Black,345.78292218012626,1125.7247193419762,-1006.3513234398532,1470.1320908133496,126.05511959405743,2166.4848584588117,1.0175692502348332
cms_pen_50,"CMS form, coding-penalized (lambda=50)",penalized,Non-Hispanic Asian,2184.3498691896293,2814.8720641762848,902.9818505001192,3145.277300481989,1373.6410667170596,3848.353266258725,1.0401802521094923
cms_pen_50,"CMS form, coding-penalized (lambda=50)",penalized,Needs ADL or IADL help,-16831.312043032576,-14407.874639937765,-27914.943045651096,-10158.344782312772,-24870.96226665629,-8485.156087634696,0.9089472640498168
cms_pen_50,"CMS form, coding-penalized (lambda=50)",penalized,Mental health condition,-4584.0013942136575,-3614.812906507818,-6304.784926408495,-2669.989759306637,-5358.1111324677995,-1835.8595852746218,0.9016177971945302
cms_pen_50,"CMS form, coding-penalized (lambda=50)",penalized,Age 65 and over,6.131257990930521,1650.5666810250493,-2877.282527097939,1922.728113795663,-564.9293278072654,3646.043915968038,1.056477173831252
cms_pen_50,"CMS form, coding-penalized (lambda=50)",penalized,Uninsured all year,3252.338000701311,3510.0146618459153,1633.3923523729168,4198.372363455215,1979.2572892413455,4416.527241210307,1.1142687586622992
cms_dro_1,"CMS form, DRO (lambda=1)",dro,Income below 200% FPL,175.75156290163366,1390.6324658209583,-1493.9270041379796,972.7207921028222,-82.74833821901026,2115.711175124607,0.9969359002840378
cms_dro_1,"CMS form, DRO (lambda=1)",dro,Hispanic,227.90640739556207,1159.809472080485,-1609.134325434348,1381.240112023613,-277.3386988704553,2253.8204071643227,0.9784459199902826
cms_dro_1,"CMS form, DRO (lambda=1)",dro,Non-Hispanic Black,10.031012960529642,1007.066955497905,-1300.7811495570115,1077.7394974390745,-140.90066810413026,1865.6090636024896,0.988756476558771
cms_dro_1,"CMS form, DRO (lambda=1)",dro,Non-Hispanic Asian,625.2683825072121,1407.7240467429915,-645.7396678304809,1594.9660224103038,-2.880216378611875,2409.3514384486716,0.985369502715818
cms_dro_1,"CMS form, DRO (lambda=1)",dro,Needs ADL or IADL help,-10985.57300168702,-7532.415716844049,-22417.981229992438,-4751.34939788015,-16377.525928596599,-1971.6043101856196,0.9937464599059544
cms_dro_1,"CMS form, DRO (lambda=1)",dro,Mental health condition,626.2354832499583,2625.331696989262,-1301.3776604058341,2466.956348002591,1214.7147173555832,4314.2102731070845,1.063073920629086
cms_dro_1,"CMS form, DRO (lambda=1)",dro,Age 65 and over,-365.8343365763944,1538.653084499291,-2958.0102834486474,1578.1171702562683,-721.6063544666682,3433.6469464618567,1.0501882518202847
cms_dro_1,"CMS form, DRO (lambda=1)",dro,Uninsured all year,1202.3922391649678,1679.503900795575,14.356126970655739,1945.3886757303626,633.4558459544915,2508.3108621020506,0.9870520672194124
cms_dro_2,"CMS form, DRO (lambda=2)",dro,Income below 200% FPL,166.39913590232646,1377.0177526062882,-1502.367462008918,967.5996872146424,-72.12905832623905,2128.5087298063636,0.9965923670217126
cms_dro_2,"CMS form, DRO (lambda=2)",dro,Hispanic,225.9218099042323,1150.7395719287892,-1610.1619061245328,1381.9403088356037,-287.6004445326347,2375.8120847846008,0.9788564320285704
cms_dro_2,"CMS form, DRO (lambda=2)",dro,Non-Hispanic Black,6.3373926837628884,1031.7484038348678,-1306.3206230495643,1068.4192964345073,-228.59341424200747,1970.7899774285524,0.9891789601377553
cms_dro_2,"CMS form, DRO (lambda=2)",dro,Non-Hispanic Asian,628.4248579599528,1393.7144771975188,-641.2885990918504,1597.9473325729705,250.90823061330826,2507.093813990704,0.9856768111987956
cms_dro_2,"CMS form, DRO (lambda=2)",dro,Needs ADL or IADL help,-11052.494255978318,-7688.042311036434,-22456.91392990155,-4827.680955250614,-16523.400488524832,-2139.4866533417467,0.9922889142105278
cms_dro_2,"CMS form, DRO (lambda=2)",dro,Mental health condition,663.3335347653999,2692.1982125715044,-1262.1081965435576,2498.0323527418896,1147.092699976877,4269.988783441527,1.0645951176973194
cms_dro_2,"CMS form, DRO (lambda=2)",dro,Age 65 and over,-390.5567058009334,1481.7763087295186,-2971.4368766619295,1528.81842731773,-826.816137986036,3546.620965229765,1.0494665127162148
cms_dro_2,"CMS form, DRO (lambda=2)",dro,Uninsured all year,1200.5436772905857,1633.8055436183165,16.21126044545871,1931.9376338983714,597.3672174611102,2371.6063905872857,0.9894682987313297
cms_dro_5,"CMS form, DRO (lambda=5)",dro,Income below 200% FPL,160.41914042462426,1349.227437032818,-1507.7439182669546,964.5776774851621,-39.337092099135425,2140.4664465786605,0.9966317286444013
cms_dro_5,"CMS form, DRO (lambda=5)",dro,Hispanic,225.42954505782822,1166.709341445253,-1611.1212943853245,1383.4136341177004,-298.0500936752036,2268.411004194029,0.9799835147381604
cms_dro_5,"CMS form, DRO (lambda=5)",dro,Non-Hispanic Black,4.400804245564994,949.5410582016827,-1310.113515537179,1059.8832934223437,-17.990450531390373,1909.652473178937,0.9882008893896926
cms_dro_5,"CMS form, DRO (lambda=5)",dro,Non-Hispanic Asian,631.0965702987446,1403.515417771129,-638.0537422767006,1599.1192231171333,194.53917237560879,2527.663216810151,0.9835690849991077
cms_dro_5,"CMS form, DRO (lambda=5)",dro,Needs ADL or IADL help,-11097.232024984372,-7675.387379110281,-22482.837039470825,-4869.547590274475,-16595.303235686486,-1928.2182505325359,0.9916971911119674
cms_dro_5,"CMS form, DRO (lambda=5)",dro,Mental health condition,687.2119641619719,2674.884956782567,-1238.8532972549338,2517.820752353621,1246.311633491679,4317.593973468489,1.064638220702657
cms_dro_5,"CMS form, DRO (lambda=5)",dro,Age 65 and over,-407.40367901195094,1410.772106982056,-2981.438965858347,1498.073729644211,-874.9089435702068,3136.8815798434716,1.0484904344483474
cms_dro_5,"CMS form, DRO (lambda=5)",dro,Uninsured all year,1199.5414415861296,1627.3813334970032,17.990431020340207,1922.8010497805365,598.3187639687501,2379.1001207795584,0.9909039998115925
cms_dro_10,"CMS form, DRO (lambda=10)",dro,Income below 200% FPL,158.41578373478114,1336.5002169817685,-1509.7603510678716,963.53155492629,-5.743660459204858,2045.0706997147763,0.9966317502796852
cms_dro_10,"CMS form, DRO (lambda=10)",dro,Hispanic,225.31996237883126,1125.4572200231516,-1611.6909058286344,1383.8175539365552,-387.77213164995027,2302.036387657168,0.9793862003959612
cms_dro_10,"CMS form, DRO (lambda=10)",dro,Non-Hispanic Black,3.6995194125108224,1003.9745279208096,-1311.5618059949163,1055.981541999268,-203.41399140464313,1971.9826560434722,0.988899068850762
cms_dro_10,"CMS form, DRO (lambda=10)",dro,Non-Hispanic Asian,631.9389769480796,1380.9848945172864,-636.9866134559718,1599.1317942126427,66.97777034980122,2301.7645754779955,0.9840510046960151
cms_dro_10,"CMS form, DRO (lambda=10)",dro,Needs ADL or IADL help,-11112.473301691878,-7699.064183580508,-22492.98746284593,-4886.453069935344,-16338.505968683045,-2021.040670910457,0.9909249436290418
cms_dro_10,"CMS form, DRO (lambda=10)",dro,Mental health condition,695.6588940376952,2693.947851605473,-1230.5755233800244,2525.871279556899,1200.041480903805,4335.2618584385,1.064134375095833
cms_dro_10,"CMS form, DRO (lambda=10)",dro,Age 65 and over,-413.1820576492122,1427.5810676678173,-2985.1975815709543,1486.3785537780363,-748.9505341685675,3160.6570804291255,1.0483011796644754
cms_dro_10,"CMS form, DRO (lambda=10)",dro,Uninsured all year,1199.1629518696807,1641.4173600694087,18.85556275650476,1919.2266641358376,756.752447821669,2366.3585824384054,0.9924426401043717
cms_dro_20,"CMS form, DRO (lambda=20)",dro,Income below 200% FPL,157.38618193282426,1327.559182512974,-1510.8606620638495,962.9134316221894,-126.31666881764967,2165.2442099167574,0.9961665632568891
cms_dro_20,"CMS form, DRO (lambda=20)",dro,Hispanic,225.2512472460268,1146.3741171252798,-1611.990282711469,1383.9637215713162,-356.431994812892,2317.480517876301,0.9793125881353092
cms_dro_20,"CMS form, DRO (lambda=20)",dro,Non-Hispanic Black,3.327757272086377,1018.2234545425295,-1312.338333431963,1053.876806027066,-97.92135298336434,1967.103047209583,0.989048808489229
cms_dro_20,"CMS form, DRO (lambda=20)",dro,Non-Hispanic Asian,632.3348754934789,1433.5080222594754,-636.4394927701572,1598.969288092443,174.43526710361814,2466.9900107555873,0.984944013713568
cms_dro_20,"CMS form, DRO (lambda=20)",dro,Needs ADL or IADL help,-11120.241666230022,-7785.38851506995,-22498.3949260645,-4895.832939729666,-16690.57490186376,-2107.835982232818,0.9897511435901454
cms_dro_20,"CMS form, DRO (lambda=20)",dro,Mental health condition,699.9386965419949,2614.7910243327465,-1226.3195374638638,2530.2530105683877,1056.9537320163306,4111.079906773388,1.0636723457296797
cms_dro_20,"CMS form, DRO (lambda=20)",dro,Age 65 and over,-416.10238320547137,1391.7512246156364,-2987.122792041578,1480.3974082674335,-583.1538136774013,3109.366698749122,1.0488670228802852
cms_dro_20,"CMS form, DRO (lambda=20)",dro,Uninsured all year,1198.9721785650765,1641.4151964116484,19.397249367265,1917.2046059012457,661.2630812276318,2394.763978008113,0.9918068507333949
cms_dro_50,"CMS form, DRO (lambda=50)",dro,Income below 200% FPL,156.76470818861154,1338.5907247637053,-1511.5455528802843,962.5100012624971,12.17923459272224,2098.10992738653,0.9964986912939408
cms_dro_50,"CMS form, DRO (lambda=50)",dro,Hispanic,225.2053022537203,1153.4672282684446,-1612.1421726039391,1384.0512632995922,-392.4437263397145,2353.1699534098598,0.9802132756130898
cms_dro_50,"CMS form, DRO (lambda=50)",dro,Non-Hispanic Black,3.1010663427418934,988.5533504159938,-1312.8125070378624,1052.5614361786616,-306.22033729324744,1911.91734094579,0.9881170831582363
cms_dro_50,"CMS form, DRO (lambda=50)",dro,Non-Hispanic Asian,632.567594634595,1410.1985138929551,-636.1050612967091,1598.8291078555947,-9.276521691838045,2249.1569498223384,0.9839130799391479
cms_dro_50,"CMS form, DRO (lambda=50)",dro,Needs ADL or IADL help,-11124.942547612523,-7846.177554336824,-22501.746771588365,-4901.673703354292,-16995.42490790573,-2283.4923317944426,0.9898376558793986
cms_dro_50,"CMS form, DRO (lambda=50)",dro,Mental health condition,702.5330560855017,2673.079389578181,-1223.7392072953276,2533.033683629579,1159.2147289592442,4316.875881726581,1.0644856930739093
cms_dro_50,"CMS form, DRO (lambda=50)",dro,Age 65 and over,-417.8515852291668,1350.455079599645,-2988.275190937404,1476.7420339301589,-873.6340815943432,3188.8328771877646,1.0480847181162234
cms_dro_50,"CMS form, DRO (lambda=50)",dro,Uninsured all year,1198.866113133453,1668.5487667511052,19.763868426880897,1915.9880043941191,807.0969228821867,2354.742451803248,0.9923105906667894
cms_cap_pen_dro_0.5,"CMS form, capped + penalized + DRO (lambda=0.5)",combined,Income below 200% FPL,18.197010535212698,973.2179237748429,-1633.7148880651503,811.5306185223136,-431.2006158196449,1678.1762170190289,0.9920175269253879
cms_cap_pen_dro_0.5,"CMS form, capped + penalized + DRO (lambda=0.5)",combined,Hispanic,228.9639601525205,967.5157888373228,-1550.910734004163,1363.3853029225966,-508.98322287799823,2109.1695306497218,0.975241342312232
cms_cap_pen_dro_0.5,"CMS form, capped + penalized + DRO (lambda=0.5)",combined,Non-Hispanic Black,-80.71682752498621,745.016689287668,-1409.4090545367353,1061.772366723544,-390.1235348506605,1804.5994235452504,0.9865984389528463
cms_cap_pen_dro_0.5,"CMS form, capped + penalized + DRO (lambda=0.5)",combined,Non-Hispanic Asian,753.005146376982,1345.0920788538033,-521.028248262518,1693.4071520106365,16.112918695789084,2167.169495260462,0.9932097454022308
cms_cap_pen_dro_0.5,"CMS form, capped + penalized + DRO (lambda=0.5)",combined,Needs ADL or IADL help,-12068.285877431264,-9159.252449169127,-23264.469378594535,-5918.196127957299,-18408.231969527427,-3613.635082674056,0.9752020475390194
cms_cap_pen_dro_0.5,"CMS form, capped + penalized + DRO (lambda=0.5)",combined,Mental health condition,231.37204217333607,1826.671152673594,-1554.8425945165245,1990.829230691853,171.7557533942432,3406.1354893410903,1.0474512590168792
cms_cap_pen_dro_0.5,"CMS form, capped + penalized + DRO (lambda=0.5)",combined,Age 65 and over,-368.42845926061784,976.5013607835336,-2898.4651450691613,1487.2594292297297,-1087.6511296227934,2756.3274822411586,1.053267863078913
cms_cap_pen_dro_0.5,"CMS form, capped + penalized + DRO (lambda=0.5)",combined,Uninsured all year,1192.5898398941722,1588.8455052481988,4.4143246998788435,1945.7865093593653,569.9375706015567,2388.350421981572,0.977982564841723
cms_cap_pen_dro_1,"CMS form, capped + penalized + DRO (lambda=1)",combined,Income below 200% FPL,3.7631768560823313,955.463564498708,-1644.4696619010347,800.6272611490871,-520.5693115113573,1702.8934478382916,0.9917658931078931
cms_cap_pen_dro_1,"CMS form, capped + penalized + DRO (lambda=1)",combined,Hispanic,228.64732255781234,965.6202033278108,-1550.1608572071436,1364.7390824970132,-480.30554430890714,2131.3130827909763,0.9756784699036793
cms_cap_pen_dro_1,"CMS form, capped + penalized + DRO (lambda=1)",combined,Non-Hispanic Black,-85.62509446898277,738.6159178100701,-1419.1476932063226,1055.1402676549512,-449.4247467468879,1786.7362350480018,0.9862739472319964
cms_cap_pen_dro_1,"CMS form, capped + penalized + DRO (lambda=1)",combined,Non-Hispanic Asian,762.935990738164,1372.2966226104907,-515.4673025222619,1700.3908337133591,59.18529438066174,2209.067099938654,0.9941796615345435
cms_cap_pen_dro_1,"CMS form, capped + penalized + DRO (lambda=1)",combined,Needs ADL or IADL help,-12161.68377790499,-9229.085804449474,-23319.482836285315,-6015.786959425121,-18113.109754808385,-3454.02209125234,0.9722824562003501
cms_cap_pen_dro_1,"CMS form, capped + penalized + DRO (lambda=1)",combined,Mental health condition,248.32609183229536,1845.8818443308617,-1530.3450708683729,1992.1419972107544,144.97529926743715,3444.295387403214,1.0465344561963268
cms_cap_pen_dro_1,"CMS form, capped + penalized + DRO (lambda=1)",combined,Age 65 and over,-404.902984516318,950.5961393803445,-2918.9068589056606,1413.1480817018532,-1051.0810329591761,2698.4037474058705,1.0527984487443696
cms_cap_pen_dro_1,"CMS form, capped + penalized + DRO (lambda=1)",combined,Uninsured all year,1191.5961634185123,1594.0853762431213,1.8440345539807637,1927.7711713210842,575.2742607776562,2433.1369151010617,0.9815602182355294
cms_cap_pen_dro_2,"CMS form, capped + penalized + DRO (lambda=2)",combined,Income below 200% FPL,-3.8955188363396984,962.3841183962253,-1650.828120100098,794.5350816492687,-410.5834475097928,1706.001495031725,0.9923742396348998
cms_cap_pen_dro_2,"CMS form, capped + penalized + DRO (lambda=2)",combined,Hispanic,228.75761618511405,955.1197156807146,-1550.438360772995,1365.9227444000883,-487.3025881312033,2075.6149109699973,0.9770803973477137
cms_cap_pen_dro_2,"CMS form, capped + penalized + DRO (lambda=2)",combined,Non-Hispanic Black,-88.03780946797418,730.2574254244038,-1424.7072913271752,1051.2577492838013,-379.30011801294285,1736.1577209650222,0.9864676612472828
cms_cap_pen_dro_2,"CMS form, capped + penalized + DRO (lambda=2)",combined,Non-Hispanic Asian,769.2607863288084,1345.4016846437726,-512.3101581588527,1704.6423680817554,11.513322965953376,2115.018898771239,0.9929404987425497
cms_cap_pen_dro_2,"CMS form, capped + penalized + DRO (lambda=2)",combined,Needs ADL or IADL help,-12212.646278195132,-9336.878104123947,-23350.79069912002,-6068.0366042023,-18280.883778831794,-3631.1460165236567,0.9705951079991143
cms_cap_pen_dro_2,"CMS form, capped + penalized + DRO (lambda=2)",combined,Mental health condition,257.8768354789711,1830.847008441678,-1518.2183391504311,1993.4188365832003,106.85687477924213,3466.096277128007,1.0441811647683616
cms_cap_pen_dro_2,"CMS form, capped + penalized + DRO (lambda=2)",combined,Age 65 and over,-425.03933599331594,948.3762791464274,-2930.623546695729,1374.8358922808734,-1038.9041940753352,2702.0940942383763,1.0526643322433966
cms_cap_pen_dro_2,"CMS form, capped + penalized + DRO (lambda=2)",combined,Uninsured all year,1191.3876229921075,1580.4354308461773,-0.2685210181632135,1917.080745741697,585.4740238851996,2388.218229061193,0.9853823265467914
cms_cap_pen_dro_5,"CMS form, capped + penalized + DRO (lambda=5)",combined,Income below 200% FPL,-8.647827356324933,949.0170338609581,-1654.9990454619156,790.7655061208263,-493.8532232816602,1695.8602139284299,0.9923640465462713
cms_cap_pen_dro_5,"CMS form, capped + penalized + DRO (lambda=5)",combined,Hispanic,228.9567481930407,972.5736678777433,-1550.8899770812181,1366.8762511322063,-482.6136808869547,2110.754896106272,0.9784479821459687
cms_cap_pen_dro_5,"CMS form, capped + penalized + DRO (lambda=5)",combined,Non-Hispanic Black,-89.59017526056066,714.7265907409657,-1428.281571670049,1049.4145022039438,-509.06568519456073,1787.7967340220146,0.9864101379252836
cms_cap_pen_dro_5,"CMS form, capped + penalized + DRO (lambda=5)",combined,Non-Hispanic Asian,773.4324668594028,1377.2368203835417,-510.07641406811086,1707.8983185897696,27.229770106274398,2286.894799097569,0.9950698104140699
cms_cap_pen_dro_5,"CMS form, capped + penalized + DRO (lambda=5)",combined,Needs ADL or IADL help,-12244.771092541401,-9362.996927209191,-23371.395360899216,-6100.116152403833,-18470.618096100665,-3548.243890812698,0.9699855062830989
cms_cap_pen_dro_5,"CMS form, capped + penalized + DRO (lambda=5)",combined,Mental health condition,264.0219707711419,1826.0127824264766,-1511.8313967079755,1995.132695752823,158.22134603783678,3411.8773745628205,1.0445139261183234
cms_cap_pen_dro_5,"CMS form, capped + penalized + DRO (lambda=5)",combined,Age 65 and over,-437.83904596925925,916.5585182925638,-2937.8887528409773,1347.8010078487491,-1090.2552175254636,2630.8107604301767,1.051760345844995
cms_cap_pen_dro_5,"CMS form, capped + penalized + DRO (lambda=5)",combined,Uninsured all year,1191.4427070014387,1585.9550051058973,-1.2445179496526861,1910.6206462416512,634.8563692973065,2324.1180055170967,0.9876191632384639
cms_cap_pen_dro_10,"CMS form, capped + penalized + DRO (lambda=10)",combined,Income below 200% FPL,-10.294307900143634,947.0182628291004,-1656.4527366122404,789.5011899425774,-441.56200884523014,1667.5590325113312,0.9922157840293421
cms_cap_pen_dro_10,"CMS form, capped + penalized + DRO (lambda=10)",combined,Hispanic,229.02989988887958,967.5170898497333,-1551.0769806185504,1367.2286401314864,-485.08344796197866,2107.462660409586,0.9773656608876155
cms_cap_pen_dro_10,"CMS form, capped + penalized + DRO (lambda=10)",combined,Non-Hispanic Black,-90.1519724795773,721.9251185696604,-1429.508802152691,1048.6266010062232,-473.0252143285564,1839.175202117951,0.9867526123215965
cms_cap_pen_dro_10,"CMS form, capped + penalized + DRO (lambda=10)",combined,Non-Hispanic Asian,774.9101342897558,1383.2465647347522,-509.32055865556526,1709.109135890483,59.203982317549034,2296.8059419761566,0.9946200125841674
cms_cap_pen_dro_10,"CMS form, capped + penalized + DRO (lambda=10)",combined,Needs ADL or IADL help,-12255.851418747136,-9362.776951201666,-23378.544246854315,-6110.867307754475,-18648.846213683977,-3599.440010523622,0.9692621664524991
cms_cap_pen_dro_10,"CMS form, capped + penalized + DRO (lambda=10)",combined,Mental health condition,266.1705579181917,1835.8311278498268,-1510.046866514249,1995.8707919580054,141.3918531205793,3438.3446471316174,1.0446316711783825
cms_cap_pen_dro_10,"CMS form, capped + penalized + DRO (lambda=10)",combined,Age 65 and over,-442.26410331707007,908.8482431146083,-2940.318583925177,1337.9867332255888,-1070.9346479252245,2682.509156011754,1.051969665660763
cms_cap_pen_dro_10,"CMS form, capped + penalized + DRO (lambda=10)",combined,Uninsured all year,1191.4977365216703,1585.4195225036867,-1.3666193679602034,1908.5122691047295,548.8851492595757,2327.274831305688,0.9872038315436408
cms_cap_pen_dro_20,"CMS form, capped + penalized + DRO (lambda=20)",combined,Income below 200% FPL,-11.132238629499541,954.1624190175443,-1657.1906351988348,788.8668779800057,-470.81956601216496,1649.628374082294,0.9926689508588121
cms_cap_pen_dro_20,"CMS form, capped + penalized + DRO (lambda=20)",combined,Hispanic,229.07028283930129,963.2140728371277,-1551.1802827868612,1367.404846385004,-477.11510905673254,2108.0507556282087,0.978679936573957
cms_cap_pen_dro_20,"CMS form, capped + penalized + DRO (lambda=20)",combined,Non-Hispanic Black,-90.43785051528397,717.7138463848041,-1430.1287037741993,1048.1412713498548,-461.45739885710736,1825.1285522144003,0.9864110310753864
cms_cap_pen_dro_20,"CMS form, capped + penalized + DRO (lambda=20)",combined,Non-Hispanic Asian,775.6772084640435,1362.4218503190464,-508.885129411887,1709.7380688350092,49.720478471120444,2197.898738194687,0.994137881887267
cms_cap_pen_dro_20,"CMS form, capped + penalized + DRO (lambda=20)",combined,Needs ADL or IADL help,-12261.476994438559,-9353.323360737266,-23382.155717524587,-6116.349616568279,-18552.213725288,-3680.9224914240153,0.9697147568523626
cms_cap_pen_dro_20,"CMS form, capped + penalized + DRO (lambda=20)",combined,Mental health condition,267.23584608744505,1900.1772896451255,-1509.213804979087,1996.2568827115208,63.02554890859582,3452.8221413844644,1.045442344796007
cms_cap_pen_dro_20,"CMS form, capped + penalized + DRO (lambda=20)",combined,Age 65 and over,-444.5154816649947,928.2680942612565,-2941.5333043620076,1332.94391580439,-1149.2758717341574,2567.5425463420747,1.0515864700745494
cms_cap_pen_dro_20,"CMS form, capped + penalized + DRO (lambda=20)",combined,Uninsured all year,1191.537611177358,1582.7437350891817,-1.4139333479558025,1907.4706433622855,536.6927179237433,2324.0218092170935,0.9888525469232295
cms_cap_pen_dro_50,"CMS form, capped + penalized + DRO (lambda=50)",combined,Income below 200% FPL,-11.638644681579713,946.3789953018362,-1657.6368025088354,788.5091565751712,-481.03976341270084,1678.7034810289508,0.9923931698658559
cms_cap_pen_dro_50,"CMS form, capped + penalized + DRO (lambda=50)",combined,Hispanic,229.09708431987093,974.4427155644618,-1551.2461923693647,1367.5104585498116,-465.11079414775844,2098.679804206587,0.978660250889143
cms_cap_pen_dro_50,"CMS form, capped + penalized + DRO (lambda=50)",combined,Non-Hispanic Black,-90.60818241010173,716.4671083369652,-1430.5024762784433,1047.845617262933,-508.0098237721317,1835.4452068441133,0.9863393640511687
cms_cap_pen_dro_50,"CMS form, capped + penalized + DRO (lambda=50)",combined,Non-Hispanic Asian,776.1444533942606,1380.9348577658702,-508.61456914658993,1710.1476784741221,37.62960267264355,2268.479303854155,0.9941127144383334
cms_cap_pen_dro_50,"CMS form, capped + penalized + DRO (lambda=50)",combined,Needs ADL or IADL help,-12264.885716378996,-9379.809712861046,-23384.3330034626,-6119.681531584839,-18759.194964930615,-3636.2678165613756,0.9708355837803991
cms_cap_pen_dro_50,"CMS form, capped + penalized + DRO (lambda=50)",combined,Mental health condition,267.86949797923245,1853.7685585752288,-1508.7192410760301,1996.4881634421827,116.58796106271201,3541.8671004215803,1.0444086467140428
cms_cap_pen_dro_50,"CMS form, capped + penalized + DRO (lambda=50)",combined,Age 65 and over,-445.8798019308212,912.4917197954169,-2942.2610772831817,1329.875844960137,-1061.8230079777861,2588.224018118791,1.0518685911873042
cms_cap_pen_dro_50,"CMS form, capped + penalized + DRO (lambda=50)",combined,Uninsured all year,1191.5680602435496,1599.7488418517496,-1.4371484957390066,1906.850313675006,640.6164787398596,2339.70064179741,0.9885233099766726
gbm_cap_dro,"Boosting, capped + DRO",boosted,Income below 200% FPL,6.5871074459723955,785.0813021674535,-1407.074937632886,777.9728846563413,-819.5399652658259,1698.4312025247411,1.015989100953097
gbm_cap_dro,"Boosting, capped + DRO",boosted,Hispanic,108.13315227122683,481.6289577677762,-1887.1195736315256,1115.7583526934109,-1466.5799010539204,1540.4503314726596,1.0237952417468164
gbm_cap_dro,"Boosting, capped + DRO",boosted,Non-Hispanic Black,-0.24032905290897683,792.3260600785529,-1448.3314010253482,1023.0105242429869,-663.2095942449016,1907.2967873570753,1.0185632534170674
gbm_cap_dro,"Boosting, capped + DRO",boosted,Non-Hispanic Asian,315.03742632522693,750.449251138106,-1253.364799524304,1266.1939089231523,-893.8320460332699,1886.3189223364482,1.0033616414588957
gbm_cap_dro,"Boosting, capped + DRO",boosted,Needs ADL or IADL help,-5780.371481969744,-3122.3593365387437,-15623.394220183847,-804.096854138497,-15839.658561079268,4837.817427129538,0.9764472978611025
gbm_cap_dro,"Boosting, capped + DRO",boosted,Mental health condition,504.1332500056033,2188.3116448534647,-1010.9652162978188,2354.651760224187,772.2911101680888,4075.441245816396,0.9354812881821708
gbm_cap_dro,"Boosting, capped + DRO",boosted,Age 65 and over,-499.60882265463414,1689.3079211941701,-2522.291171412755,971.362341988154,-856.9167468589642,3899.9427211166126,0.9397550988339342
gbm_cap_dro,"Boosting, capped + DRO",boosted,Uninsured all year,591.9279340646567,690.7710750623665,-281.3438349770978,1238.102213220219,-263.8454437606519,1407.9794821716694,1.0196496502151775
cms_adv,"CMS form, trained against the plan",adversarial,Income below 200% FPL,-465.65501756118755,941.509912831111,-1986.4623739746544,314.14170240750934,-404.3153419981924,1670.1077908079276,1.0042993146874006
cms_adv,"CMS form, trained against the plan",adversarial,Hispanic,-282.7057198570485,806.7873693561469,-2144.7331239914397,766.8040495606211,-610.0997258858664,1732.4217686574357,0.9939056762807253
cms_adv,"CMS form, trained against the plan",adversarial,Non-Hispanic Black,-599.2501993641206,612.0777483037267,-1702.2050848115755,575.7022327156225,-457.6966913782851,1809.3449864543181,0.9979029995448251
cms_adv,"CMS form, trained against the plan",adversarial,Non-Hispanic Asian,26.272340227076803,1040.2582581928978,-1251.4946611875564,999.4192142293733,-541.5444732371864,2337.426288421288,0.991694761963548
cms_adv,"CMS form, trained against the plan",adversarial,Needs ADL or IADL help,-11780.015465140048,-7874.576887580061,-22977.317912998722,-5933.664878929624,-17808.66709958948,-2837.7486605899485,0.9921812050763931
cms_adv,"CMS form, trained against the plan",adversarial,Mental health condition,-1324.9296269865274,1152.1891516009314,-3297.97450852735,648.5821820706285,-862.6075130584559,2954.959360016475,1.0225087761592488
cms_adv,"CMS form, trained against the plan",adversarial,Age 65 and over,-1355.3695647553998,1232.8364658792773,-3690.7592087805792,1001.8248967833813,-734.8234141169174,3645.969933397429,1.0333886595108193
cms_adv,"CMS form, trained against the plan",adversarial,Uninsured all year,818.491582564817,1254.3469676356776,-424.43604545099765,1555.2678720379636,-7.429139789719482,1997.6583382860852,1.0279014250546312
cms_pen_adv,"CMS form, coding-penalized, trained against the plan",adversarial,Income below 200% FPL,-789.3237158186663,76.51913401404971,-2374.631608268275,-16.63378572780323,-1291.8915062043936,809.3909378575065,0.995093153140626
cms_pen_adv,"CMS form, coding-penalized, trained against the plan",adversarial,Hispanic,-294.0499065396442,363.74018457605143,-2031.1227479124036,807.0000620881796,-1003.275290890673,1414.3684198679864,0.9853545451760631
cms_pen_adv,"CMS form, coding-penalized, trained against the plan",adversarial,Non-Hispanic Black,-785.0547311541773,-76.76161662418035,-2059.2098800925064,376.65608239122275,-1169.7019134561942,1044.470003256164,0.9895683228088199
cms_pen_adv,"CMS form, coding-penalized, trained against the plan",adversarial,Non-Hispanic Asian,249.2145037779733,744.4864622835677,-1011.4930431799105,1137.322462502884,-635.9491358997795,1607.0636829515552,0.9948983870727055
cms_pen_adv,"CMS form, coding-penalized, trained against the plan",adversarial,Needs ADL or IADL help,-14083.121508157588,-11494.838410179496,-25306.228291789725,-7936.010618380617,-20924.622559279185,-5919.976443278304,0.9467143732980823
cms_pen_adv,"CMS form, coding-penalized, trained against the plan",adversarial,Mental health condition,-1669.2500972206158,-264.5208676315729,-3358.405571555583,20.312039673940113,-1924.8145977901274,1154.1940720265047,1.0119442814412627
cms_pen_adv,"CMS form, coding-penalized, trained against the plan",adversarial,Age 65 and over,-1326.7803892944507,-6.2863736437091395,-3893.958209568743,760.6954758507499,-2007.343870102545,2100.014932653559,1.051704484901603
cms_pen_adv,"CMS form, coding-penalized, trained against the plan",adversarial,Uninsured all year,819.0406032369004,1146.5361562484193,-392.82319749549066,1592.2467834845245,-126.71543930277599,1968.0090166613354,0.9981463663998923
cms_robust_adv,"CMS form, capped + penalized + DRO, trained against the plan",adversarial,Income below 200% FPL,-776.7994329792862,100.9216149014721,-2371.9303249721825,2.3017909557408127,-1268.3980466534756,817.145114625823,0.9946953150521606
cms_robust_adv,"CMS form, capped + penalized + DRO, trained against the plan",adversarial,Hispanic,-302.672511830548,349.6271118489061,-2059.8594767171726,810.7318495946512,-985.3707904241891,1426.1924800119841,0.98675352950182
cms_robust_adv,"CMS form, capped + penalized + DRO, trained against the plan",adversarial,Non-Hispanic Black,-759.2758778730179,-23.29746794584892,-2053.5456615764115,375.7603943825552,-1180.2214427169026,1035.5279244095896,0.9894957760180376
cms_robust_adv,"CMS form, capped + penalized + DRO, trained against the plan",adversarial,Non-Hispanic Asian,190.97209664339522,736.3841201344746,-1069.1418423010275,1054.7831639390765,-529.2252379334404,1547.5536127898351,0.9972318456704217
cms_robust_adv,"CMS form, capped + penalized + DRO, trained against the plan",adversarial,Needs ADL or IADL help,-14002.177158302335,-11348.081996995914,-25051.16812754497,-7843.546469179612,-20572.623213246818,-5618.9101876352925,0.9505358735312498
cms_robust_adv,"CMS form, capped + penalized + DRO, trained against the plan",adversarial,Mental health condition,-1251.4185502829512,221.81725962354838,-2898.103397833325,474.1368262080329,-1683.844166497077,1675.078458826029,1.024158628764659
cms_robust_adv,"CMS form, capped + penalized + DRO, trained against the plan",adversarial,Age 65 and over,-1761.2277037887595,-436.7383289920695,-4208.771120762876,58.58594488265656,-2436.3333519663174,1166.4990931928542,1.0425675485159147
cms_robust_adv,"CMS form, capped + penalized + DRO, trained against the plan",adversarial,Uninsured all year,829.8378227032847,1119.9550961315965,-330.7334088585282,1600.7474212322115,174.4561067623333,1917.6492645350477,1.0074918679478744
gbm_robust_adv,"Boosting, capped + DRO, trained against the plan",adversarial,Income below 200% FPL,-119.60140835241934,1194.05969709139,-1632.9462239774064,702.8569793310212,-641.4396394758155,2240.3659601091763,0.9887097253144741
gbm_robust_adv,"Boosting, capped + DRO, trained against the plan",adversarial,Hispanic,137.11323165753123,759.2098589544415,-1872.0881848916986,1169.7978250596498,-1872.4619693558407,2078.9000390298697,0.9846606548195836
gbm_robust_adv,"Boosting, capped + DRO, trained against the plan",adversarial,Non-Hispanic Black,-23.627702071746757,1146.471505579158,-584.9611891052335,502.1366822123148,205.93880909604005,1634.9446541669383,0.9815530941704227
gbm_robust_adv,"Boosting, capped + DRO, trained against the plan",adversarial,Non-Hispanic Asian,409.09372258672545,1161.109721069368,-396.51361120364817,1289.7255401883895,-208.65674003040235,2641.2532633717424,1.0014803599528408
gbm_robust_adv,"Boosting, capped + DRO, trained against the plan",adversarial,Needs ADL or IADL help,-7667.631431119368,-1975.0491651458783,-15764.379098533758,-3556.3481271057653,-11318.17933718986,5486.335397377084,1.0331664958811968
gbm_robust_adv,"Boosting, capped + DRO, trained against the plan",adversarial,Mental health condition,96.47322631216734,2692.3413901044187,-1245.640327646996,1781.3345932156692,1221.9715601240398,4477.879750771199,1.0252682530923765
gbm_robust_adv,"Boosting, capped + DRO, trained against the plan",adversarial,Age 65 and over,-993.0216460951284,2260.3447015663887,-2190.952189432291,553.6622705367456,463.30748959978155,5011.457480231327,1.0256285567825496
gbm_robust_adv,"Boosting, capped + DRO, trained against the plan",adversarial,Uninsured all year,680.6244050752498,1003.9134560006509,91.53973769431558,1198.9955711958512,623.1120714871322,1347.9554632435254,0.9747553254514022
