flag,label,prevalence_pct,plausible_share_pct,incremental_cost,increment_cms,rank_cms,increment_cms_pen_1,rank_cms_pen_1,increment_cms_cap_pen_dro_1,rank_cms_cap_pen_dro_1,increment_cms_robust_adv,rank_cms_robust_adv,increment_over_cost_cms
NVS015,Polyneuropathies,0.8212735766911087,34.030705982368545,16954.991898204844,12503.795319860526,1,2195.6446140416456,4,2753.9615469101736,8,2640.428452560033,10,0.737469849288716
MUS003,Rheumatoid arthritis and related disease,1.2857309429739034,34.38493680244625,12554.61711677942,11038.092814891053,2,2109.616653438183,11,3208.092912864821,3,3101.0370428141796,3,0.8792058501042209
NVS009,Epilepsy; convulsions,0.869294756307764,42.065348179562065,12002.871128403289,10418.569912906429,3,2096.9076286659683,12,2789.172466768624,6,2717.940464615997,9,0.8680064795707245
GEN006,Other specified and unspecified diseases of kidney and ureters,0.8120872504691684,34.38185056473168,14081.132988673837,9883.399615340679,4,2159.105632592477,5,2854.4152102855737,5,2920.1623930093197,5,0.7018895158003545
CIR019,Heart failure,0.3705189947729043,28.693768025791734,15142.084252004624,9533.95066430417,5,1834.5411535151848,111,2368.309044154062,23,2445.7640598265675,16,0.6296326519938622
MUS026,Muscle disorders,0.664952489124567,39.31339182512399,10878.3200386498,8394.16880624362,6,1888.4843061888957,90,2483.3008998720047,15,2486.0946349224946,15,0.771642016085187
NEO030,Breast cancer - all other types,0.6898926428804053,16.490365560709815,7706.519265840933,7382.280845518069,7,2197.405241655645,3,2782.4396477154996,7,2996.5955032654456,4,0.9579267359052682
EYE005,Retinal and vitreous conditions,1.1256239636081893,27.335701706236655,8523.163086901055,7301.280143774109,8,2144.2931079034283,6,2488.4497441471717,14,2580.8628144128957,11,0.8566397321430099
RSP008,Chronic obstructive pulmonary disease and bronchiectasis,1.276900197577666,31.245966393721712,10448.164751563772,6500.3850881443395,9,2127.0723131063796,9,2732.0210199805665,10,2817.4384742083507,7,0.6221556840565162
MBD003,Bipolar and related disorders,0.786316611512213,38.99914856863702,8095.318401775068,6325.963588999974,10,1970.7606156868374,38,2444.7945101396767,18,2375.866782370436,23,0.7814348089894616
INF009,"Parasitic, other specified and unspecified infections",0.4815579058987653,40.51735821954037,9288.161077422128,6108.058774232103,11,2018.7437299900528,24,2184.9889300348227,31,2183.1954132692076,32,0.6576176622388377
GEN008,Urinary incontinence,0.5225625306789436,21.31236734115922,10027.596359180772,5955.0777466518475,12,2045.192769722438,17,2189.3159834286967,30,2237.6961541047535,28,0.5938689126831149
END002+END005,Diabetes mellitus without complication,7.766677651561858,35.90600041072767,5399.100582759761,5593.101433279638,13,2326.1840946798156,1,3854.3051387172354,2,3799.171496449554,1,1.0359320682299111
SKN001,Skin and subcutaneous tissue infections,1.124777581141926,42.378052870416305,7834.875265135591,5575.921346301637,14,2070.8541822518355,14,2493.3783737863896,13,2423.669930816691,19,0.7116796576346184
NEO039,Male reproductive system cancers - prostate,0.5343603686819737,10.29347754519459,5065.543399783295,5528.001929163177,15,2135.0059277346068,8,2737.1651461041774,9,2438.0779366728093,17,1.0912949496000106
DIG008,Other specified and unspecified disorders of stomach and duodenum,1.0675657868912714,40.15505002932395,7303.793792187599,5412.27939772431,16,2023.802335660337,23,2266.190692915313,27,2258.91737640355,27,0.7410230288146249
EYE001,Cornea and external disease,0.8411366049567368,41.41602285345986,5811.4002526740815,5103.828152302892,17,2009.1457945985026,27,1976.746251910802,58,1941.0010009024552,64,0.878244128849049
MUS013,Osteoporosis,0.5464520551639653,20.260011443407862,5842.395440765729,4838.039288431395,18,1809.625800080659,112,1870.3600268263203,109,1922.8337783896939,74,0.8280917198232821
BLD003,Aplastic anemia,0.537086300721704,30.485432496569015,8140.383661035184,4742.312258111703,19,2116.3248714556885,10,2172.795086699292,34,2169.1333809422235,33,0.5825661855240666
SYM016,Other general signs and symptoms,2.9905640560460944,41.58835451798061,7707.359436936323,4494.72810874412,20,2143.4153199354937,7,2707.217573168693,11,2739.619080935387,8,0.5831735428354143
RSP016,Other specified and unspecified lower respiratory disease,0.7308739653989241,43.20045386400252,6599.802832818192,4347.835512313135,21,1889.9226585722301,88,1933.7927999353913,74,1931.985191792861,69,0.6587826367619772
DIG001,Intestinal infection,0.5905069933770584,42.33462934115799,5370.560124801588,4197.957677961392,22,1938.4038637994242,58,1900.178904469221,92,1891.9334966864133,98,0.7816610521824262
FAC010,Other aftercare encounter,0.5997168423475775,39.82727985597881,7177.271322456912,4169.093931943993,23,1924.2489358156497,72,2147.155188052399,37,2167.2379581977925,34,0.5808745057330278
MBD014,Neurodevelopmental disorders,3.3140440389284382,37.215957658258105,4693.393029542666,3940.3963837787364,24,2038.1057676814276,21,2966.389723819338,4,2871.832626657533,6,0.839562414435745
GEN004,Urinary tract infections,2.4059003501440417,37.10345328501175,4729.2043666150585,3672.777187317246,25,2069.906986437652,15,2260.2424537195748,28,2228.0653085161393,29,0.7766162979220217
SKN002,Other specified inflammatory condition of skin,2.549398185806482,40.95343226575176,3655.1363268412792,3481.12972190016,26,2039.6048496217568,20,2166.485878837516,35,2118.870242557067,38,0.9523939493957279
INJ042,"Fracture of lower limb (except hip), subsequent encounter",0.7923971392351643,43.814182851778014,4016.630162202887,3386.1982160727343,27,1928.7302164301243,66,2054.3589315856657,42,2000.3695994584896,52,0.8430445620653315
MUS006,Osteoarthritis,5.30578857555224,33.700626882501766,4884.324825962972,3370.0143462580054,28,2063.2488364797696,16,2512.559859953338,12,2500.780453576438,14,0.6899652390734656
CIR011,Coronary atherosclerosis and other heart disease,2.31403023399514,30.004822287643222,5995.978534492631,3322.469213082745,29,1954.7475781965625,48,2434.015242542846,19,2423.712413006358,18,0.5541162620862995
PRG029,"Uncomplicated pregnancy, delivery or puerperium",1.3803787175175506,5.981058607256566,3254.5337924588766,3270.0329807936414,30,2248.3294029062968,2,4045.5502910451382,1,3691.494602445768,2,1.0047623375030483
NVS012,Transient cerebral ischemia,1.0049072772194099,29.49177059646982,5932.523513789628,3258.291038523548,31,2003.116721908159,30,2402.506452838206,21,2382.9385034298175,22,0.5492251368157139
NVS019,Nervous system pain and pain syndromes,1.0796593925240647,36.2022621407926,7244.967793050897,3224.78355170983,32,1988.3721679906341,33,2362.831164679337,24,2346.13474231458,25,0.44510667870779524
RSP002,Pneumonia (except that caused by tuberculosis),0.8770058593725073,43.9543917996009,5856.370011588679,3084.599950313296,33,1893.655813165336,87,2161.0671412415372,36,2163.778758945478,36,0.526708514695868
DIG025,Other specified and unspecified gastrointestinal disorders,1.8292274042383816,41.55112150413559,5848.033572638362,3069.7194118818434,34,2010.0852384786087,26,2321.000222520986,25,2309.537155286432,26,0.5249148066188218
CIR017,Cardiac dysrhythmias,1.9221976967967729,38.516246599793654,4493.506047592524,3023.256618499874,35,1841.0534042430206,110,2455.548101038381,17,2520.50849128897,13,0.6728057304206007
MUS033,Gout,1.115073224987947,24.5351967119127,5178.068155449651,3003.9832257607436,36,1858.6613034499696,105,2297.396489688551,26,2408.591939637794,20,0.5801358992540887
EYE008,Oculofacial plastics and orbital conditions,0.978759789885282,32.962954453902334,4147.58017910485,2946.6146487384653,37,1972.5634596078746,37,1988.1112073598163,51,2077.8379436496443,42,0.7104418773103544
MUS011,Spondylopathies/spondyloarthropathy (including infective),3.9334578682063652,41.58859708145396,4079.393327178744,2915.442148702387,38,1931.4821176184253,63,2179.0035629290337,33,2184.071586984481,31,0.7146754222688964
DIG019,Other specified and unspecified liver disease,0.45554140213911515,31.693015126259596,6690.695384127561,2898.3449144384203,39,1941.6474386457119,56,1894.6054693939695,96,1894.2081698604377,96,0.4331903857578404
END011,Fluid and electrolyte disorders,1.0569571342678874,38.70264175668868,6407.456294578932,2839.2773622126683,40,1798.3490746126795,114,1986.9369184693137,54,2022.588433168703,50,0.4431208316808741
SYM006,Abdominal pain and other digestive/abdomen signs and symptoms,2.056458750346182,42.52245982368053,4045.123143963401,2818.9525180996197,41,1930.6398608381635,64,1877.288335050632,103,1901.5962289954364,90,0.6968768113540339
EAR004,Hearing loss,0.9730876390217006,38.258733336974764,4090.1833557315103,2786.8678290393123,42,2031.343268392039,22,1971.0453653814498,60,2065.865500114059,44,0.6813552319443376
INJ067,"Allergic reactions, subsequent encounter",2.4515254380499067,42.60898171263054,3680.366057948863,2781.019049527356,43,1965.2699350265768,43,1905.5167802215474,90,1896.40426152198,95,0.7556365333608337
NVS017,Nerve and nerve root disorders,1.0775340723811955,33.78441883783721,5306.025384199774,2776.438133011048,44,1956.315189251221,47,2461.6830771634664,16,2542.7943581445957,12,0.5232613739992078
NEO072,Neoplasms of unspecified nature or uncertain behavior,0.7422259568633071,34.76375074807038,2770.340487021881,2469.942316049614,45,1992.4604656547397,32,2094.514087918885,40,2096.5211942534224,40,0.8915663354813128
END001,Thyroid disorders,6.206687798421159,37.3834877117629,3115.728045717953,2437.9377594975504,46,1897.3101093123228,85,1802.2800609042406,120,1984.73552566625,54,0.7824616666554348
FAC025,Other specified status,1.1555588359747926,44.45005867153263,4453.644555027953,2317.545174219384,47,1916.6367067842762,75,2026.9975267062398,45,2035.380382708992,48,0.5203704843492698
FAC013,Contraceptive and procreative management,2.0264832662965837,22.9071287118905,2684.1820709124236,2254.4919149825632,48,1920.5307265331753,74,1895.1498817729248,95,1884.9843205028276,102,0.8399176566350444
SYM004,Nausea and vomiting,1.0461709033517996,43.5327476706749,5742.013414006963,2191.0845311712287,49,1906.9832620745467,82,2133.7757818222835,38,2087.336194214758,41,0.3815881944521998
CIR009,Acute myocardial infarction,1.2449104929981807,33.27393192540564,4869.208281959678,2188.027310338985,50,1808.0362061702,113,1982.1212107500855,55,1994.540557633675,53,0.44935997468943434
NVS016,Sleep wake disorders,4.690234262916645,38.244408672953185,4944.46627202789,2186.5140037795295,51,2077.641322651127,13,2213.364483868317,29,2165.0942079623187,35,0.44221436318601226
MBD013,Miscellaneous mental and behavioral disorders/conditions,0.8285088559835434,41.3870056919459,3187.032076736787,2133.793657939091,52,1875.615155896202,97,2054.2252473083754,43,2040.208564351398,47,0.6695237470354831
INJ027,Other unspecified injury,0.5680436008373487,41.65438779505223,3300.488216426301,2057.202727973475,53,1907.075745899851,81,1973.1449982523332,59,1950.0994257452746,60,0.6233025519481995
EYE012,Other specified eye disorders,0.7485101500934954,40.24983788844046,3100.9100516103517,2049.104201445615,54,1947.199651643392,52,1987.218179391345,53,1907.4097328223534,85,0.6608073653673001
MBD002,Depressive disorders,6.635398131264854,36.85562533695182,3601.5993920530827,2016.3939921998315,55,2008.9120830492961,28,2399.237864398038,22,2361.3338628231577,24,0.5598607098415771
SYM017,Abnormal findings without diagnosis,1.6479385606134396,37.23411502873854,2090.940870555817,1955.5806105791573,56,1876.8965499983472,95,1873.8265784289445,105,1869.8619727201772,110,0.9352634682870405
FAC012,Other specified encounters and counseling,1.5852619199014217,44.020355587606,4128.457220921409,1948.1040464494295,57,1928.2947021492012,68,2032.0908443256321,44,2047.2983195839383,46,0.4718721648797034
EYE009,Refractive error,1.8503487444781217,41.23162093596086,2387.2617749048272,1902.921337875677,58,1945.415558210626,53,1924.9162323637674,78,1912.6523707869621,83,0.7971146515557728
FAC009,"Implant, device or graft related encounter",1.4286989628742648,41.30105179889043,3960.9362465111344,1886.8953068930266,59,1910.836889828037,78,2412.3929698597503,20,2387.996905704667,21,0.4763760862233111
RSP009,Asthma,5.633817497576048,42.01108985842981,3712.333411177228,1839.4912594442224,60,1960.0987797260743,45,2181.951741804757,32,2156.775191719249,37,0.49550809577227506
SYM010,Nervous system signs and symptoms,1.7676980843366972,42.811220489690015,3805.2617578440245,1825.3350738524975,61,1897.6106148958715,84,1987.5473030651383,52,1949.6446957642038,61,0.47968712535736074
EYE003,Glaucoma,1.3463777867739466,27.121138529331816,2393.659530859568,1800.983316794871,62,1944.164535674556,54,1918.7624658177597,80,1907.4982524903369,84,0.7523974456585036
INJ064,"Other unspecified injuries, subsequent encounter",2.88480624793401,42.175700902746435,2912.274543160094,1661.7090169142011,63,1924.33998992299,71,1966.0988115945224,62,1952.3089467083923,58,0.5705880377304983
MBD007,Trauma- and stressor-related disorders,1.6868876587459207,41.568578410672195,2595.182975209266,1622.2277938402744,64,1875.2225846490182,98,2061.296175346986,41,2063.136172454787,45,0.6250918757316001
FAC014,Medical examination/evaluation,1.8618319366844973,43.74378557082292,2278.2587218413955,1445.243314249674,65,1889.324145413607,89,1883.3970215856477,99,1877.8777457937883,104,0.6343631214463477
SKN007,Other specified and unspecified skin disorders,4.708137103527612,38.79469334803063,2101.514701997992,1391.8432221288517,66,1997.2523896885903,31,1963.286175727378,64,1944.7893109279828,63,0.6623047751250906
SYM013,Respiratory signs and symptoms,2.3212716650431244,42.25764690898359,2866.259101252583,1302.3748340495529,67,1884.1979086005638,92,1879.6025493817147,101,1874.6996664067801,107,0.454381403788793
SYM014,Skin/Subcutaneous signs and symptoms,1.7318822987353548,42.84703627529135,1707.6125969064533,1222.6102724772209,68,1877.9392515714546,94,1874.9698527277744,104,1870.819527891893,109,0.7159763723294893
MUS010,"Musculoskeletal pain, not low back pain",8.280831730533334,37.24122321912699,1949.0810082313667,1188.7832933052484,69,1857.068415876124,107,2006.5519620133048,47,2070.9946299761964,43,0.609919899832164
END015,Other specified and unspecified endocrine disorders,0.9329374315656709,43.96834300006074,2131.8038505707127,1165.4938410034413,70,1749.0337502608897,122,1872.8149947892387,107,1896.9582519036078,94,0.5467172041608906
FAC016,"Exposure, encounters, screening or contact with infectious disease",6.069290187584024,39.536327319923394,1000.0261660910079,1147.3363796970893,71,1913.9674945028655,77,1901.6381810447688,91,1893.155721163347,97,1.1473063591744812
DEN001,Any dental condition including traumatic injury,0.6611696387117625,39.41011736885564,0.0,1110.545216687022,72,2043.6024096024762,18,1997.5947472254659,49,1973.524628520442,55,
DEN002,Nontraumatic dental conditions,0.615988630019274,38.74553106656036,0.0,1110.13805417841,73,2043.1889101870572,19,1997.2886723999386,50,1973.2682740021824,56,
INJ061,"Sprains and strains, subsequent encounter",2.116493042798078,42.158933133905876,1431.5218854424509,1091.0318369977556,74,1910.3079653768325,79,1898.929374944942,93,1890.886946913179,99,0.7621482061104099
EAR001,Otitis media,2.071909212515345,39.55214808734953,0.0,1083.6761104798325,75,2016.3151238762543,25,1977.3965295102164,57,1956.6075091095781,57,
NVS006,Other nervous system disorders (often hereditary or degenerative),0.5791201843771671,29.92183366679984,5873.483009189059,1078.044374508172,76,1915.0242480832899,76,1888.0267943253687,98,1921.1700241660521,76,0.1835443080062669
EAR006,Other specified and unspecified disorders of the ear,1.2106608736951896,40.35505692828334,913.907078454014,1073.771190336711,77,2006.2560477031718,29,1969.950739093511,61,1950.3712496849373,59,1.1749238140852643
NEO028,Skin cancers - all other types,1.4557541418875204,29.278607803199954,0.0,1053.7193675817066,78,1985.8921467744183,34,1954.8772536388742,65,1937.7463757000662,66,
NEO073,Benign neoplasms,1.1210875960607563,33.67644080768458,439.518023632222,1050.9168245394226,79,1983.0459861256363,35,1952.7705079180487,66,1935.9818601655777,67,2.3910665047465818
CIR007,Essential hypertension,18.428856877698895,22.90839285087964,1080.6764022250154,1050.703947438693,80,1982.8297958949754,36,1952.6104825716905,67,1935.8478301273208,68,0.9722650973736339
GEN007,Other specified and unspecified diseases of bladder and urethra,0.5268945131629278,25.577379660405974,3841.098475930981,1039.7434237090229,81,1928.3152704879167,67,1908.1395080028128,88,1920.2044529518155,78,0.27068908288195254
GEN025,Other specified female genital disorders,0.733358983962594,21.162604972594824,2035.0116985800053,1039.1002850207274,82,1931.9370713261603,62,1914.9393729833653,83,1904.296201749521,88,0.510611455327649
INF012,Coronavirus disease – 2019 (COVID-19),3.733074319045176,41.00266003368862,1271.4527219471063,1038.2985123240292,83,1970.2312877821546,39,1943.2849889223587,68,1928.0372157525733,70,0.8166237677591156
RSP005,Acute bronchitis,1.1370747055751886,46.50783265043067,1864.016972101928,1036.6872546434545,84,1848.8983946925173,109,1853.4736307963085,118,1852.8152584843758,119,0.5561576263302211
NEO025,Skin cancers - melanoma,0.5316489489793784,27.14680506041061,429.0788253219486,1035.6228027548398,85,1967.5139345894247,40,1941.2735872774076,69,1926.3525561310882,71,2.4135956883395164
DIG004,Esophageal disorders,5.06753038279887,38.31281852557509,2469.223143275448,1034.3989445586367,86,1966.2710287767966,41,1940.3535807053004,70,1925.581999973187,72,0.41891675419277685
INF008,Viral infection,2.4049247988897537,42.33080955384405,7.207965183121912,1034.376098382262,87,1966.247827032095,42,1940.3364066303307,71,1925.5676157398289,73,143.50459139346913
INF003,Bacterial infections,2.129772909256061,42.60596144347774,65.15356577699382,1029.0956097090957,88,1960.8851550441366,44,1936.3669236471196,72,1922.2429551894243,75,15.794923845480099
GEN012,Hyperplasia of prostate,0.9676585482236942,9.932655676766291,283.54285403005395,1027.1341976073688,89,1958.8932163456936,46,1934.8924782988258,73,1921.0080260301527,77,3.622500736691105
INF004,Fungal infections,1.292011431067279,43.44372292166651,2354.440447940411,1022.95259776904,90,1954.6465352707362,49,1931.7490586938195,75,1918.3752390404275,79,0.43447800884659715
GEN016,Other specified male genital disorders,0.5698892104050399,12.14140375768773,0.0,1021.0414296712272,91,1952.705623120408,50,1930.3123835121316,76,1917.1719450036549,80,
SKN005,Contact dermatitis,0.4877009345347104,41.996121019377384,0.0,1017.9490087177306,92,1949.5650730219745,51,1927.987728899348,77,1915.2249182460998,81,
EYE002,Cataract and other lens disorders,1.761084884413885,23.573737966708123,902.1307889079017,1010.6362907050024,93,1942.1385429278998,55,2096.916719393106,39,2220.2103418397087,30,1.1202769078843378
EYE010,Blindness and vision defects,0.9442805923866694,41.511507403833555,2198.8073248393557,1008.424504735444,94,1939.8923335553009,57,1920.8279073029105,79,1912.9985161711827,82,0.45862340612728275
GEN005,Calculus of urinary tract,0.7970732308029416,35.37289767537782,991.5504537912803,1005.8357432361953,95,1937.2632817482558,59,2010.4007906408829,46,2024.0321653085844,49,1.014407022245105
MBD005,Anxiety and fear-related disorders,7.808981655358166,35.686257342334024,2157.669630231286,1005.3076164429557,96,1936.726935410772,60,1918.4848600126463,81,1907.2657423441221,86,0.465922865279053
GEN023,Menopausal disorders,0.861753489081169,16.669482012435203,624.9216810393951,1002.5182122030131,97,1933.8941180511085,61,1916.3879910770088,82,1905.5094991610251,87,1.604230166147515
GEN017,Nonmalignant breast conditions,0.6351551815012206,21.28253729261426,0.0,998.9976855294182,98,1930.3187993743945,65,1913.7415180727603,84,1903.2929323103422,89,
INJ031,Allergic reactions,4.083063719160359,40.97744343152009,0.0,995.4320398447333,99,1926.6976594731937,69,1911.0611279146601,85,1901.047957975896,91,
NVS010,Headache; including migraine,2.578972870694481,39.049399168548824,1732.9868013387306,994.930050218186,100,1926.1878570902797,70,1910.6837690367872,86,1900.7318991390364,92,0.574112883865938
DIG002,Disorders of teeth and gingiva,1.93888993336311,41.44145897501085,0.0,992.5438611986363,101,1923.764530423916,73,1908.8900076457323,87,1899.2295252130357,93,
DIG010,Abdominal hernia,0.642511653619569,36.28067329007951,0.0,976.5901265006083,102,1907.5624984788067,80,1896.8971633613971,94,1889.184858350782,101,
INJ041,"Fracture of the upper limb, subsequent encounter",0.8060856839995103,42.898142138030124,1192.0391528800812,967.9397028377049,103,1898.7774432439078,83,1979.2366877264944,56,2014.3369287434825,51,0.8120032806800594
INJ049,"Open wounds to limbs, subsequent encounter",0.5072261893972292,42.04198107601206,0.0,966.2932692744266,104,1897.105385278005,86,1889.156743474203,97,1882.7018299944696,103,
CIR012,Nonspecific chest pain,0.6738813917285145,43.823216023394615,2893.0271851293087,961.2282455709477,105,1768.606676845297,118,1794.0412044977697,122,1803.0373292262577,122,0.3322569004922724
FAC003,"Encounter for observation and examination for conditions ruled out (excludes infectious disease, neoplasm, mental disorders)",1.4294495508022962,39.354230673169155,74.442292697625,956.7284011012316,106,1887.3916535013304,91,1881.966579116292,100,1876.6796714683403,105,12.851947010650774
FAC008,Neoplasm-related encounters,1.0387139857376488,37.060867721189325,0.0,950.693790706944,107,1881.263122957531,93,1877.4302028918419,102,1872.8802066163648,108,
END007,Nutritional deficiencies,1.8866454661122245,45.09496730942445,3245.0438117246827,950.3843899230635,108,1768.5488892458043,119,1792.4393265201893,123,1801.695668223767,123,0.2928725912695617
SYM012,Circulatory signs and symptoms,1.4476511330558002,43.1312674409709,1982.7089357324967,945.4777616790699,109,1875.9659138377956,96,1873.509175928694,106,1869.5961306506572,111,0.47686160315294607
SYM015,General sensation/perception signs and symptoms,0.9233032054878694,36.215641751311054,2757.0036253573476,943.4535932440798,110,1873.9102420927945,99,1871.987554985035,108,1868.3216893328713,112,0.34220252181271416
RSP006,Other specified upper respiratory infections,4.203842999207322,43.441064356798535,0.0,940.0968236146692,111,1870.5012291063351,100,1869.4641824816122,110,1866.208225929302,113,
SYM002,Fever,0.7112434224939805,33.501982352382214,0.0,938.4406015209476,112,1868.8192302654004,101,1868.2191565333787,111,1865.165448148964,114,
RSP007,Other specified and unspecified upper respiratory disease,3.583215375986913,44.06169198001895,1199.3759086319558,935.8023023875144,113,1866.1398697488987,102,1866.235877302424,112,1863.5043425975662,115,0.7802410367362794
SYM011,Genitourinary signs and symptoms,0.6778185857048078,27.137067452157183,2798.182584253806,932.0620981400468,114,1862.3414545287944,103,1863.424266856311,113,1875.1130994485475,106,0.33309552542605103
END010,Disorders of lipid metabolism,14.048986917394721,27.533799007575443,0.0,931.6993375045199,115,1861.9730480383644,104,1863.1515700930324,114,1860.921065493781,116,
RSP003,Influenza,2.2311385276419364,45.413768828363914,1493.6062621936017,927.5090701871908,116,1857.717564977575,106,1860.0016352036614,115,1858.2828215946822,117,0.6209863293054182
RSP001,Sinusitis,2.2693424222185934,45.37556493378727,0.0,925.4866857901608,117,1855.6637052139265,108,1858.4813554998102,116,1857.0095036390812,118,
MUS025,Other specified connective tissue disease,2.498982286715387,39.6512306354872,2062.4022272855864,863.0869579617561,118,1792.2928141480925,115,1905.7194220921956,89,1940.1991973044965,65,0.418486242180654
MUS007,Other specified joint disorders,1.180050481868057,42.075083839307624,1561.1336394533996,859.0416175125736,119,1788.1845137139244,116,1964.1045864996559,63,1945.3936902199662,62,0.5502678283284896
MUS038,Low back pain,2.2760545485041193,37.68427738495782,1200.6514173846365,848.675705948872,120,1777.6572714428073,117,1800.7405106130216,121,1808.6483669484664,121,0.706846045122348
MUS009,Tendon and synovial disorders,1.0397826230746043,37.412134624889916,1052.044260340648,837.6293540492504,121,1766.4389987472787,120,1854.9112873478116,117,1851.5213954032752,120,0.7961921238732191
MUS028,Other specified bone disease and musculoskeletal deformities,0.8098088827086782,31.878126600393912,1589.4896813823752,829.6502187002333,122,1758.3356794765177,121,1786.4385487009472,124,1796.6696864090682,124,0.5219601161416088
CIR030,Aortic and peripheral arterial embolism or thrombosis,0.7180953628368092,33.27824873945742,2527.695535320331,791.5584694277109,123,1719.6511397351096,123,2004.6440664200913,48,2108.181614885832,39,0.3131541985049231
CIR015,Other and ill-defined heart disease,0.5945872874604771,33.48113035949214,2098.148727210805,789.2643891008441,124,1717.3213003692058,124,1825.6002390038282,119,1890.334151975458,100,0.37617180272537715
